"#","Player","Pos","Team","1","2","3","4","5","6","7","8","9","10","11","12","13","14","15","16","17","18","AVG","TTL"
"1","Lamar Jackson","QB","BAL","25.1","17.4","26","23.6","33.4","19.9","34.4","24.2","23.6","32.9","15.9","22.6","25.4","BYE","36.1","21.5","29.4","23","25.6","434.4"
"2","Ja'Marr Chase","WR","CIN","12.2","7.5","29.8","17.5","41.3","12.2","17.6","20.4","11.3","55.4","26.5","BYE","20.6","45.1","18.4","22.4","19.2","25.6","23.7","403"
"3","Josh Allen","QB","BUF","31.2","9.8","30.9","7.3","14.6","24.4","21","20.8","23.1","20.2","25","BYE","28.4","51.9","41.3","12.2","23","0","22.6","385"
"4","Joe Burrow","QB","CIN","8.1","17.2","25.4","17.3","34.8","19.8","14.9","13.9","30.1","33.7","29","BYE","20.3","25.6","18.8","22","37","14","22.5","381.8"
"5","Baker Mayfield","QB","TB","29.7","19.8","9.5","28.9","23.4","28.9","29","24.3","18","8.9","BYE","18.7","12.2","21","29","23.3","34.6","22.6","22.5","381.8"
"6","Jayden Daniels","QB","WAS","28.2","13.4","28.1","25","20.7","21","5.2","22.2","19.9","8.6","14.4","32.4","28.6","BYE","23.6","36.4","32.8","4.2","21.5","364.8"
"7","Jahmyr Gibbs","RB","DET","17.4","17.6","16.3","19.8","BYE","12.1","32","20.3","14.6","12.8","19.3","24.9","10.4","19.3","28.4","25.4","26.3","46","21.3","362.9"
"8","Saquon Barkley","RB","PHI","33.2","17.6","33.6","13.6","BYE","7.4","26.7","12.1","32.9","8.8","33.8","46.2","19.7","14.4","9.4","27","18.9","-","22.2","355.3"
"9","Bijan Robinson","RB","ATL","16.1","16.2","13.2","11.4","10.7","25.5","23.3","23.6","21.5","29.4","10.3","BYE","25.5","20.1","14.5","24.3","24.8","31.3","20.1","341.7"
"10","Jared Goff","QB","DET","12.4","10.8","15.6","27.2","BYE","25.1","18.8","15.5","9.6","12.8","34.6","10.8","16.9","23","41.1","25.3","25.8","11.2","19.8","336.5"
"11","Derrick Henry","RB","BAL","10.6","16.6","30.4","35.9","16.6","25.2","25.2","14.7","26.3","14.1","10.5","14","14.1","BYE","6.7","20.9","24.5","30.1","19.8","336.4"
"12","Bo Nix","QB","DEN","13","10.3","19.3","6.7","23.1","21.7","14.1","29.8","18.7","16.1","28.8","19.4","14.2","BYE","16.5","21","22.9","33.5","19.4","329.2"
"13","Jalen Hurts","QB","PHI","18.4","24.8","11.9","16.3","BYE","21.9","22.8","35.1","29.9","30.7","18.7","15.1","17.6","24.2","28.1","4.5","-","-","21.3","320.1"
"14","Sam Darnold","QB","SEA","15.6","20.9","23.2","21.5","5.3","-","17.3","18.2","21","9.4","23.6","21.1","19.6","34.6","12.2","22.9","25.8","7.6","18.8","320"
"15","Justin Jefferson","WR","MIN","15.9","23.3","20.1","20.5","15.2","BYE","21.4","19.5","21.6","9.8","14.1","4.7","16.9","32.2","20.3","36.4","17.2","8.4","18.7","317.5"
"16","Amon-Ra St. Brown","WR","DET","4.3","22.9","20.5","20.8","BYE","13.7","25.2","8.7","18.6","18","38.7","12.2","12.3","10.3","37.3","19","20","13.7","18.6","316.2"
"17","Kyler Murray","QB","ARI","14.2","28.5","15.8","10","25.1","12","21.2","22.2","4.8","28.7","BYE","11.3","17.2","20","10.1","21.4","18","27.9","18.1","308.2"
"18","De'Von Achane","RB","MIA","23","29.5","8.8","5.9","2.7","BYE","10.5","26.7","32.1","10.2","20.5","20.6","21","18.9","14.6","31","5.8","18.1","17.6","299.9"
"19","Patrick Mahomes II","QB","KC","16.1","14.9","17.4","14","14.4","BYE","14.1","19.2","24.5","16.5","17.8","28.8","16.6","14.1","15.8","23.7","26","-","18.4","294"
"20","Josh Jacobs","RB","GB","12.4","13.1","5.8","11.8","16.4","12","20.2","25.5","12.8","BYE","23.4","28.6","21.7","24.6","21.6","20.7","10.9","11.6","17.2","293.1"
"21","Justin Herbert","QB","LAC","10.4","12","9","11.2","BYE","13.7","14.8","24.1","19.5","19.8","24.4","17.6","8","13.7","14.8","23.2","24.4","28","17","288.4"
"22","Brian Thomas Jr.","WR","JAC","14.7","11.4","9.8","21.9","23.2","5.7","22.1","15","6.2","3.2","13.6","BYE","18.7","16.6","32.5","28.2","23.9","17.3","16.7","284"
"23","Geno Smith","QB","LV","18.8","17.9","13.4","22.6","22.6","14.5","17.8","9.1","25.1","BYE","16.7","13.4","12.4","13.3","5.5","23.4","8.3","26.3","16.5","281"
"24","Drake London","WR","ATL","3.5","17.4","18.7","12.4","33.4","19.4","18.3","7.4","10.7","17.7","9.1","BYE","17.3","12","14.3","10.9","17.6","40.7","16.5","280.8"
"25","Brock Purdy","QB","SF","10.3","15","25.8","15.6","15.1","24.1","20.2","26","BYE","23.8","19.4","-","2.2","22.1","5","22.1","32.3","-","18.6","278.9"
"26","Malik Nabers","WR","NYG","11.6","28.7","28.2","23.1","-","-","8.1","14.1","14.9","10.8","BYE","12.4","15.3","14.9","24.2","13.8","36.1","17.4","18.2","273.6"
"27","Kyren Williams","RB","LAR","14.4","15.2","31.6","20.4","15.5","BYE","19.6","22.6","10.5","11.2","8.6","11.2","18.3","23.7","13.2","19.9","16.2","-","17","272.1"
"28","Terry McLaurin","WR","WAS","3.7","8.2","20","18.2","13.4","23.3","15.8","17.5","15.9","16.3","2","21.2","27.3","BYE","26.3","17","1.5","20.2","15.8","267.8"
"29","Aaron Rodgers","QB","FA","9.6","15.1","21","11.6","14.8","18.8","15","17.3","20.3","4","16.1","-","15","17.6","30.1","12.8","2.5","26","15.7","267.6"
"30","James Cook","RB","BUF","13.3","28.5","18.7","5.8","17.9","-","9.2","28.3","11.9","15.5","19.7","BYE","19","4.9","26.3","27.6","11.3","8.8","16.7","266.7"
"31","Alvin Kamara","RB","NO","22","44","15.7","24.9","12.6","17.4","8.4","18.2","27.5","15.9","12.9","BYE","15.9","12.9","17","-","-","-","19","265.3"
"32","CeeDee Lamb","WR","DAL","13.6","19","8.7","23.6","11.4","16.1","BYE","39.6","16.2","8.4","18.6","16.8","5.9","21.4","26.6","17.5","-","-","17.6","263.4"
"33","Brock Bowers","TE","LV","11.8","18.8","7.1","5.1","23.7","16.1","19.3","10.8","15.5","BYE","31.3","7.8","30.2","8.2","6.5","20.9","14.6","15","15.5","262.7"
"34","Caleb Williams","QB","CHI","7.2","9.4","19.3","11.5","23.6","29.6","BYE","9.9","9.2","6.3","16.2","26.9","26.1","14.1","9.9","22.8","7.6","10.9","15.3","260.5"
"35","Chase Brown","RB","CIN","5.3","3.1","8.9","23.2","16.4","14.4","7.3","11.4","26.7","22.4","19.3","BYE","19","24.3","26.3","13.9","13.1","-","15.9","255"
"36","James Conner","RB","ARI","19.3","19.4","3.5","18.3","14","6.6","17.2","14.9","14.9","22.3","BYE","9.9","11.1","22.2","30.8","26.6","2.8","-","15.9","253.8"
"37","Jaxon Smith-Njigba","WR","SEA","3.9","23.7","6.9","13.1","13.1","10.3","5.3","12.9","37","BYE","21.8","19.7","11.9","19.6","18.3","24","6.2","5.3","14.9","253"
"38","Garrett Wilson","WR","NYJ","12","10.2","14.3","7.1","29.1","24.7","13.1","16.3","30","9.1","5.8","BYE","9.1","18.4","14.6","11.4","17.6","9.1","14.8","251.9"
"39","Trey McBride","TE","ARI","8","18.7","5.5","-","11.3","17.6","10.1","21.4","12.7","11.1","BYE","25.3","21.6","14","17.7","5","30.3","19.5","15.6","249.8"
"40","Jordan Love","QB","GB","17.4","-","-","31.2","17","26.6","18.8","6.7","11.9","BYE","21.2","14.7","19","14.5","17.6","11.5","14","2.8","16.3","244.9"
"41","Jonathan Taylor","RB","IND","10.8","15.5","26.5","19.8","-","-","-","18.7","8.9","14.2","7","3.5","17.3","BYE","10.1","39.8","27.6","25","17.5","244.7"
"42","Bucky Irving","RB","TB","9.6","2.2","11.4","12.5","5.6","18.5","16.7","15.4","6.4","17.7","BYE","27.2","27.5","2.8","13.3","18.2","23","16.4","14.4","244.4"
"43","Aaron Jones Sr.","RB","MIN","18.9","9.8","25.8","17.9","6.3","BYE","20.6","11.5","12.2","12.1","5.3","19.9","9.8","16.4","18.6","12.3","11.7","12.5","14.2","241.6"
"43","Chuba Hubbard","RB","CAR","1.4","11.6","27.9","22.1","17.5","15.3","11.2","9.1","21.2","24.9","BYE","15","2.3","20.7","8.9","32.5","-","-","16.1","241.6"
"45","Davante Adams","WR","LAR","10.9","26","8","-","-","BYE","6","9.4","22.1","9.1","13.2","-","17.6","25.9","42.8","19.8","9.7","20.8","17.2","241.3"
"46","Jerry Jeudy","WR","CLE","11.5","12.3","8.7","13.2","2.6","4.5","2.8","12.9","14.3","BYE","26.2","14.5","40.5","17.4","21.8","4","21.4","12.3","14.2","240.9"
"46","Breece Hall","RB","NYJ","18.3","24.4","18.3","3.8","6.7","21.9","26.1","9.9","10.5","12.3","31.1","BYE","6","-","13.1","14","6.3","18.2","15.1","240.9"
"46","Ladd McConkey","WR","LAC","14.9","4.6","7.4","17.7","BYE","8.3","9.6","29.1","11.4","7.2","18.3","14.3","20.7","-","16.8","14.7","29.4","16.5","15.1","240.9"
"49","Joe Mixon","RB","HOU","26.8","8","-","-","-","27.2","26.4","23.4","16.6","17","35.3","9.5","21.9","BYE","10.6","8.1","5.9","3.8","17.2","240.5"
"50","Mike Evans","WR","TB","23.1","7.2","3.7","23.4","23.2","5.4","9.5","-","-","-","BYE","11.8","25.8","10.9","36.9","11.9","29.7","17.9","17.2","240.4"
"51","Courtland Sutton","WR","DEN","7.8","3.6","13.8","15","5.2","15.3","0","17.1","23.3","19","14.8","29.7","16.2","BYE","12.2","10","16.5","20.8","14.1","240.3"
"52","DJ Moore","WR","CHI","10","11.3","15.2","11.2","27.5","6","BYE","5.4","7.3","5.7","13.7","26.9","23.7","10.9","15","14","12.2","22.1","14","238.1"
"53","George Kittle","TE","SF","8","20.6","-","14.5","20.4","22.8","15.2","24.8","BYE","14.7","-","20.2","1.7","21.1","10.1","18.6","19.2","4.7","15.8","236.6"
"54","C.J. Stroud","QB","HOU","18.7","14.3","11.8","23.5","16.9","19.4","5.3","12.4","11.5","11.8","11.9","17.7","14.4","BYE","11.6","18.1","7.1","6","13.7","232.4"
"55","Matthew Stafford","QB","LAR","15.7","6.6","12.8","5.9","13.4","BYE","5","25.8","18.9","10.7","27.8","19.2","15.6","20.8","8.2","7","9.2","-","13.9","222.6"
"56","Jonnu Smith","TE","MIA","1.7","11.3","3.8","0","11.1","BYE","22.6","6","9.6","7.5","28.1","23.7","21.3","13.4","19.8","12.2","11.6","18.6","13.1","222.3"
"57","Tee Higgins","WR","CIN","-","-","6.9","12","29.3","14.7","18.2","-","-","-","29.8","BYE","17.9","4.3","19.8","19.8","40.1","9.3","18.5","222.1"
"58","David Montgomery","RB","DET","16.3","17","21.2","15","BYE","21","8","14.9","12.6","12.6","24.5","16.3","15.4","19.4","7.5","-","-","-","15.8","221.7"
"59","Tyreek Hill","WR","MIA","26","6.6","7","8.2","12.9","BYE","2.3","13.2","12","11.7","19.1","9.8","20.3","28.1","5.6","11.9","19.5","4","12.8","218.2"
"60","Jakobi Meyers","WR","LV","9.4","6.9","21.2","9.9","13.2","-","-","17.2","18.5","BYE","8.8","22.1","15.7","13.7","10.9","6.1","17.1","27.3","14.5","218"
"61","A.J. Brown","WR","PHI","22.9","-","-","-","BYE","23.6","19.9","13.4","5.6","15.9","11.5","22.9","11.6","8.3","25","23.7","12.6","-","16.7","216.9"
"62","D'Andre Swift","RB","CHI","5","8.2","6.2","29.5","20","21.9","BYE","18.9","14.2","7.5","16.4","9.5","9.4","5","9.9","8.3","12.1","12.5","12.6","214.5"
"63","Jordan Addison","WR","MIN","6.5","-","-","22.9","6.6","BYE","9.6","4.2","16.1","4.9","15.1","30.2","9.4","39.3","13.3","14.5","18.9","1","14.2","212.5"
"64","Jameson Williams","WR","DET","24.4","14.4","1.2","16","BYE","17.7","0.6","-","-","8.3","22.6","11.8","9.6","13","12.7","26","24.5","9.4","14.1","212.2"
"65","Nico Collins","WR","HOU","17.7","27.5","12.6","33.1","15.8","-","-","-","-","-","9.4","20.2","19.9","BYE","17.7","13","8.9","14.8","17.6","210.6"
"66","Jauan Jennings","WR","SF","11.4","5.7","46.5","11.8","2.3","5.7","-","-","BYE","16.3","25.1","9","8.6","28","5.1","9.1","13.7","12.2","14","210.5"
"67","Zay Flowers","WR","BAL","11.1","22.1","5.3","2","19","22.4","4","18.5","29.7","7.4","11.9","11.2","10.1","BYE","11.3","15.3","5.1","3.1","12.3","209.5"
"68","Puka Nacua","WR","LAR","8.2","-","-","-","-","BYE","-","18.1","2.1","18.8","25.3","20.7","17.3","41.8","17.8","13.6","22.9","-","18.8","206.6"
"69","Najee Harris","RB","LAC","8.9","8.4","13.6","10.3","9.7","20.2","16.2","16.1","-","11.3","13.3","7.4","24.9","11.3","3.1","4.2","10.1","15.6","12","204.6"
"70","Bryce Young","QB","CAR","11.6","3","-","-","3.1","-","-0.2","15.6","10.7","12","BYE","16.5","23.6","13.5","14","27.1","16.9","36.4","14.6","204"
"71","Tony Pollard","RB","TEN","18.4","15.2","5.9","18.8","BYE","17.8","8.5","14.7","18.4","10.3","4.9","21.9","8.8","14.4","8.5","8","-","6.2","12.5","200.7"
"72","Rachaad White","RB","TB","16.6","3.3","8.5","10.4","9.6","-","29.1","15.7","12.5","19","BYE","11.7","8.8","24.9","14.1","11","4.4","0","12.5","199.6"
"73","DeVonta Smith","WR","PHI","15.4","20.6","14.9","-","BYE","15.4","0.8","20.5","18.7","3.4","6.9","-","-","13.7","28","11.1","30","-","15.3","199.4"
"74","Calvin Ridley","WR","TEN","8","24.7","1.9","2.5","BYE","0.9","7.2","22.6","12.3","25.4","9.8","14.3","6.5","12.9","9","16.8","14.1","10.3","11.7","199.2"
"75","Rico Dowdle","RB","CAR","4.2","9.9","8.6","13.1","19.4","10.5","-","-","21.7","8.6","5.4","10.8","21.3","15.1","14.9","8.1","9.8","16.4","12.4","197.8"
"76","Jayden Reed","WR","GB","33.1","6.6","10.9","27.1","13.7","14.8","3","7.5","16.3","BYE","9.8","5.6","19.7","0","11.1","11.1","1.6","5.1","11.6","197"
"77","Marvin Harrison Jr.","WR","ARI","1.4","29","17.4","15.5","5.6","0","5.1","23.1","3.4","16.4","BYE","7.7","17","8.9","5.2","7.9","15.6","17.3","11.6","196.5"
"78","Travis Kelce","TE","KC","6.4","1.6","7","15.9","16","BYE","5.7","25","22","20.4","2.8","12.2","13.8","9.5","6.7","8","22.4","-","12.2","195.4"
"79","Darnell Mooney","WR","ATL","2.5","17.8","14.6","8.6","31.5","6.8","9.6","18.6","19.8","14.6","4.7","BYE","5","20.2","0","13.2","5.7","-","12.1","193.2"
"80","Kirk Cousins","QB","ATL","8.2","17.5","12.1","8.5","35.4","12.5","9.2","28.6","17.8","11.2","5.9","BYE","6.1","11.8","7.5","-","-","-","13.7","192.3"
"81","Brandon Aubrey","K","DAL","21","17","11","11","10","12","BYE","6","9","7","6","12","9","9","16","21","1","14","11.3","192"
"82","J.K. Dobbins","RB","FA","22.9","20.1","8.4","9.2","-","18.2","9.6","16.8","24.5","8.5","18.9","8.9","-","-","-","-","15.3","10.5","14.8","191.8"
"83","DK Metcalf","WR","PIT","5.9","28.9","20.4","15.4","7.5","7.8","19.9","-","BYE","-","14","9.9","10.6","8.9","5.8","14.7","7.2","14.3","12.7","191.2"
"84","Chris Boswell","K","PIT","26","9","8","8","6","17","14","14","BYE","4","24","8","16","11","8","7","4","7","11.2","191"
"85","Mark Andrews","TE","BAL","3.4","9.1","0","0","9.5","15.6","20.1","14.6","4.6","18.8","4.2","15.6","18.9","BYE","10.4","13.8","14.8","15.4","11.1","188.8"
"86","Tua Tagovailoa","QB","MIA","18.6","8.5","-","-","-","BYE","-","14.7","17.5","9.2","23.5","28.5","25.2","23.5","6.8","12.5","-","-","17.1","188.6"
"87","Xavier Worthy","WR","KC","20.8","4.2","5","16.3","11.8","BYE","5.4","13.7","-1","2.1","16.8","9.1","10.4","9.6","19.6","20.5","22.9","0","11","187.2"
"88","Drake Maye","QB","NE","-","-","2.1","-","0","21.5","20.8","11.5","17.7","12.8","19","14.5","20.4","BYE","18.5","18.4","9.9","0","13.4","187.1"
"89","Zach Charbonnet","RB","SEA","12.1","17.9","25.7","10.4","6","4.5","1.9","11.4","5.3","BYE","2.5","2.2","12.1","38.3","13.6","3.3","10.6","9.1","11","186.9"
"90","Keenan Allen","WR","FA","6.9","-","-","4.9","6.3","21.1","-","5.9","7.6","9.4","8.1","23.6","24.3","6","20.2","29.1","7.5","4.5","12.4","185.4"
"91","Josh Downs","WR","IND","-","-","5.2","22.2","15.9","19.5","1.3","22.2","12","14.2","19.4","5.7","-","BYE","6.2","15.1","5.2","19.4","13.1","183.5"
"92","Wan'Dale Robinson","WR","NYG","11.8","9.8","13.1","18.1","16","10","8.3","8","4","10.1","BYE","9.7","2.6","7.8","7.8","13.2","18.1","14.3","10.7","182.7"
"93","Khalil Shakir","WR","BUF","13.2","10.6","19.2","10.2","-","3.9","13.5","19.9","11","11.8","15","BYE","7","21.6","15.9","4.2","5.5","-","12.2","182.5"
"94","Tyrone Tracy Jr.","RB","NYG","1.7","0.2","6","3.1","14","22.7","6.2","23","7.9","15.4","BYE","9","14.5","19.3","4.5","16.9","9.3","8.6","10.7","182.3"
"95","Kenneth Walker III","RB","SEA","18.9","-","-","33.6","14.6","20.9","23.3","8.5","13.7","BYE","13.9","13.3","6.6","-","-","13.9","-","-","16.5","181.2"
"96","Cameron Dicker","K","LAC","12","10","4","6","BYE","12","21","9","3","9","12","16","12","5","6","10","17","15","10.5","179"
"97","Russell Wilson","QB","NYG","-","-","-","-","-","-","24.9","13.8","-","19.1","7.3","13.8","27.9","16","8.4","16.4","18.7","11.5","16.2","177.8"
"98","Zach Ertz","TE","WAS","5.8","10.2","8.8","7.2","3","10.8","14","14.7","1.5","7.1","18.7","15.8","12.5","BYE","4.5","2.2","25.2","15.4","10.4","177.4"
"99","Rhamondre Stevenson","RB","NE","21.6","17","0.3","8.2","19.2","-","4.5","23.5","22.4","8.7","12.9","3.3","12.4","BYE","9.5","12.3","0.1","-","11.7","175.9"
"100","Anthony Richardson","QB","IND","27.1","12.9","7.1","5.2","-","-","8.8","12.5","-","-","28.1","13","23.2","BYE","16.4","21.2","-","-","15.9","175.4"
"101","Cooper Kupp","WR","SEA","32","7.7","-","-","-","-","-","16.1","21.4","15","28.6","20","4.7","20.2","0","5.4","3.9","-","14.6","175"
"102","Quentin Johnston","WR","LAC","6.8","22.1","12.4","2.3","BYE","5.2","-","-","22","10.4","12.8","0","3.2","15.8","15.5","4.8","9.8","31.6","11.6","174.7"
"103","Sam LaPorta","TE","DET","8.5","3.3","5.6","9.3","BYE","12.2","3.5","16.8","4.8","15.6","-","4.9","15.6","10.4","18.1","14.3","18.4","13.3","10.9","174.6"
"104","Rashod Bateman","WR","BAL","7.3","7","11.8","3.3","15.8","11.1","22.1","3.8","5.5","17.4","5","12.3","0","BYE","23","8.4","2.2","18.6","10.3","174.6"
"105","Ka'imi Fairbairn","K","HOU","17","20","1","6","16","12","12","11","9","13","10","11","13","BYE","9","7","0","5","10.1","172"
"106","Pat Freiermuth","TE","PIT","6.7","7.9","7.3","16.7","9.2","3.6","7.1","3.9","BYE","10.7","3.4","9.9","18.8","13.8","11.2","4.6","11","22.5","9.9","168.3"
"107","Jason Sanders","K","MIA","10","4","3","9","12","BYE","4","11","9","15","11","12","3","16","8","21","10","8","9.8","166"
"108","Michael Pittman Jr.","WR","IND","7.1","5.1","7.6","17.3","14.7","12.5","9.3","2.6","2.4","-","9.6","15.6","9.2","BYE","9.8","3.9","25.9","13.2","10.4","165.8"
"109","George Pickens","WR","PIT","13.5","4.9","10.7","16.3","5.6","8.3","22.1","11.4","BYE","20.5","16.9","8.8","16.4","-","-","-","8","1","11.7","164.4"
"110","Chase McLaughlin","K","TB","15","10","1","11","16","9","5","8","7","8","BYE","6","16","4","18","7","12","11","9.6","164"
"111","Tucker Kraft","TE","GB","5.7","3.6","4.4","17.3","24.8","3.5","12.3","16.8","7.6","BYE","0","10.6","13.8","13.1","5.4","9.5","7.3","7.6","9.6","163.3"
"112","Alec Pierce","WR","IND","21.5","16.6","5.4","1.9","22.4","0","3.5","2.1","7.1","18.1","10.4","4.9","9.6","BYE","0","-","24.2","13.7","10.1","161.4"
"113","Jake Bates","K","DET","8","10","2","6","BYE","19","8","12","6","12","12","8","12","11","6","10","11","8","9.5","161"
"114","Wil Lutz","K","DEN","11","6","16","5","13","5","18","4","4","2","9","22","11","BYE","8","12","6","8","9.4","160"
"115","Brian Robinson Jr.","RB","WAS","17.9","14.6","10.7","20.3","13.8","-","13.1","8.6","-","-","14.2","3.4","17.9","BYE","11.7","2.1","8.9","2.6","11.4","159.8"
"116","Javonte Williams","RB","DAL","3.3","11.5","6.1","10","16.1","4.6","26.1","9.2","10.4","2.7","18.7","2.4","7.4","-","4.3","12.3","2","10.8","9.3","157.9"
"117","Derek Carr","QB","NO","21.3","22.8","9","9.1","13.6","-","-","-","13.4","20.5","18.7","BYE","14.6","13","-","-","-","-","15.6","155.9"
"118","Kareem Hunt","RB","KC","-","-","-","10.5","18.7","BYE","22.3","13.3","18.7","17","6","11.7","3.5","3.9","5.9","15.9","8","-","12","155.4"
"119","Deebo Samuel Sr.","WR","WAS","18.7","18","-","10.2","3","20.7","0","12.6","-","12.6","6.1","3.1","4","5.5","4.9","25.1","9.1","-","10.2","153.6"
"120","Trevor Lawrence","QB","JAC","11.3","13.3","10.4","14.8","22.2","18.1","15","24.3","21.6","-","-","BYE","1.2","-","-","-","-","-","15.2","152.2"
"121","Jalen Tolbert","WR","DAL","2.2","14.2","13.2","5.4","21.7","8.3","BYE","7.4","10.9","4.4","4.1","10.2","6.1","0","8.1","10","12","13.8","8.9","152"
"122","Jaylen Waddle","WR","MIA","16.2","8.5","6.6","7.6","8.6","BYE","2.1","8.5","7.6","8.6","5.7","28.4","11.3","20.9","0","-","0","9","9.4","149.6"
"123","David Njoku","TE","CLE","8.4","-","-","-","2.4","8.1","23.6","17.1","7.9","BYE","19.1","3.9","26.2","17.2","-","14.6","-","-","13.5","148.5"
"124","DeMario Douglas","WR","NE","3.2","0","14.8","4.3","11.9","21.2","3.4","3.2","10.5","9","9.9","11.3","6","BYE","10.1","7.9","14.6","6.4","8.7","147.7"
"125","Denver Broncos","DST","DEN","10","0","15","11","0","3","20","7","0","5","13","0","20","BYE","20","0","8","15","8.6","147"
"126","DeAndre Hopkins","WR","BAL","1.8","1.9","19.3","5.1","-","9.4","0.8","4.9","28.6","9.6","5.9","14.5","13","13.2","8.6","7.7","2.7","-","9.2","147"
"127","Tyler Bass","K","BUF","10","8","12","6","8","5","10","7","14","13","6","BYE","5","6","15","8","8","5","8.6","146"
"128","Hunter Henry","TE","NE","3.8","18.9","2.9","3.2","5.2","13.1","17.2","9.5","12.6","2.4","12.3","9.4","14.5","BYE","6.5","13.9","0","-","9.1","145.4"
"129","Daniel Carlson","K","LV","4","18","2","10","5","1","16","10","7","BYE","7","15","5","7","5","8","15","10","8.5","145"
"130","Rome Odunze","WR","CHI","2.1","5.3","23.4","2","9","6","BYE","8.4","15.4","5.3","12.5","8.9","4.5","20.2","5.9","9.7","2.5","3.8","8.5","144.9"
"131","Jameis Winston","QB","NYG","-","0.4","0.1","-","0.3","0","8.7","23.6","13.1","-","26.6","14.5","36","17.3","2.6","-","-","-","11.9","143.1"
"132","Justin Tucker","K","BAL","8","13","4","5","13","13","13","7","11","3","6","7","9","BYE","5","12","9","5","8.4","143"
"133","Daniel Jones","QB","IND","6.9","18.3","19.4","10.5","22.1","12.8","6","7.7","24.4","14.2","-","-","-","BYE","-","-","-","-","14.2","142.3"
"134","Mike Gesicki","TE","CIN","4.8","16.1","8.7","0.1","5.1","0","1.2","12.3","27","7","0","BYE","10.3","5.4","6.7","3.4","18.6","14.8","8.3","141.5"
"135","Jake Elliott","K","PHI","10","7","1","2","BYE","10","4","15","5","10","8","13","6","2","10","19","11","8","8.3","141"
"136","Cade Otton","TE","TB","1.5","-0.4","9.7","11.2","7.4","9.5","18","29.1","21.7","8.5","BYE","4","6","10","4.4","-","-","-","10","140.6"
"137","Ray-Ray McCloud III","WR","ATL","9.2","7.5","5.7","11.2","12.6","4.3","2.9","5.6","12.5","6.6","10.6","BYE","13.3","16.1","2.4","5.7","3.7","10.6","8.3","140.5"
"138","Jason Myers","K","SEA","10","12","8","3","10","6","12","4","2","BYE","12","6","11","12","9","7","8","8","8.2","140"
"138","Tank Dell","WR","HOU","8.9","2.3","11.2","-","7.3","18.7","0","13.5","18.6","8.3","9.8","10.2","3.3","BYE","6.1","21.8","-","-","10","140"
"140","Adam Thielen","WR","CAR","7.9","4","13","-","-","-","-","-","-","-","BYE","8.7","23.9","19.2","10.1","15.3","28","9.4","14","139.5"
"141","Matt Gay","K","FA","-","4","3","9","10","8","12","9","10","8","14","6","5","-","8","8","9","16","8.7","139"
"142","Chris Godwin","WR","TB","22.3","24.7","17.3","12.9","11.6","35.5","13.5","-","-","-","BYE","0","-","-","-","-","-","-","17.2","137.8"
"143","Alexander Mattison","RB","MIA","16.2","6.1","13.4","6","10.1","17.5","15.3","9.4","3.6","-","9.9","-","-","-","2.4","15.6","4.8","7.1","9.8","137.4"
"144","Nick Westbrook-Ikhine","WR","MIA","0","0","0","0","-","7.9","9","11.9","16","6.1","19.7","12.8","21.1","2.9","2.9","9.7","6.7","9","8","135.7"
"145","Jalen McMillan","WR","TB","10.2","3.1","1.6","-","-","0","5.6","9.2","-","-","BYE","2.1","4.5","21.9","18.5","16.7","23","19","10.4","135.4"
"146","Joshua Karty","K","LAR","9","4","9","15","1","BYE","2","4","8","19","4","2","3","8","13","8","9","17","7.9","135"
"147","Jerome Ford","RB","CLE","18.9","7.4","10","15.5","7.9","1.4","-","-","1.7","BYE","7.9","3.7","7.2","7.7","18.4","24.1","2.2","-","9.6","134"
"148","Austin Ekeler","RB","WAS","10.2","11.5","13.7","-","11.7","10.8","4","7.8","17.3","18.1","17.6","4.4","-","BYE","-","-","-","5.2","11","132.3"
"149","Romeo Doubs","WR","GB","9","9.2","2.8","7.9","-","19.9","17.4","10.2","6.8","BYE","2.7","8.4","-","-","19","4","14.8","-","10.2","132.1"
"150","Will Levis","QB","TEN","8.7","12.5","15.6","0.5","BYE","8.3","-","-","-","19.1","16.6","17.1","16.2","7","-1.4","-","-","11.8","11","131.9"
"151","Kyle Pitts","TE","ATL","11.6","5","7.9","0","15.8","10","13.5","25.1","2.1","9.5","1.9","BYE","0","2.4","6.8","1.7","14.4","3.5","7.7","131.2"
"152","Blake Grupe","K","NO","22","8","6","7","1","10","4","8","12","8","5","BYE","10","2","10","0","4","14","7.7","131"
"152","Will Reichard","K","MIN","4","11","12","7","16","BYE","15","8","3","-","-","-","-","6","15","12","11","11","10.1","131"
"154","Travis Etienne Jr.","RB","JAC","11.9","14.8","12.5","7","12","-0.1","-","-","5","5.3","6.3","BYE","8.8","11","12.5","5.7","8.5","9","8.7","130.2"
"155","Marvin Mims Jr.","WR","DEN","0","2","1.9","0","3.4","0","3.8","1.8","1.4","7","13.3","7.2","19.9","BYE","6","9.5","30.2","22.1","7.6","129.5"
"156","Tre Tucker","WR","LV","4.2","3.3","22.6","15.4","4.6","0","7.7","5.3","2.5","BYE","6.5","15.2","13.9","2.7","3.8","5.3","10.9","5.4","7.6","129.3"
"157","Tank Bigsby","RB","JAC","7.3","0","0.9","9","25.9","2.4","23.8","10.6","2.2","0.4","-","BYE","4.5","13.2","4.2","10.1","3.3","11.2","8.1","129"
"158","Justice Hill","RB","BAL","11.5","5.2","7.4","21.6","3.5","1.4","13.8","2.9","8.8","1.8","8.1","14.2","6.1","BYE","17.8","3","-","-","8.5","127.1"
"159","Cam Little","K","JAC","7","7","5","11","14","4","6","10","1","1","8","BYE","6","4","15","2","10","15","7.4","126"
"159","Allen Lazard","WR","NYJ","26.9","3.1","13.8","10.8","13.4","23.4","9.8","-","-","-","-","BYE","-","2.8","0","4","1.9","16.1","10.5","126"
"161","Ameer Abdullah","RB","FA","0","2.2","3.3","0","14.1","4.8","0","2.1","5.6","-","10.7","17.5","7.3","0.8","19.6","19.5","17.7","-","7.8","125.2"
"162","Xavier Legette","WR","CAR","7.5","0","6.2","19.6","1.8","11.3","2.9","13.4","13.9","7","BYE","9.6","9.3","5.9","2.9","-","7.8","6","7.8","125.1"
"163","Chad Ryland","K","ARI","-","-","-","-","11","8","5","10","11","7","BYE","6","17","4","14","15","3","14","9.6","125"
"163","Minnesota Vikings","DST","MIN","0","13","13","0","16","BYE","11","1","11","13","11","7","5","0","8","6","5","5","7.4","125"
"165","Dak Prescott","QB","DAL","11.5","14.9","29.9","16.7","18.4","5.2","BYE","15.6","12.3","-","-","-","-","-","-","-","-","-","15.6","124.5"
"166","Michael Wilson","WR","ARI","7.5","5.1","14.4","4.8","12.8","10.1","2.5","14.1","0","5.4","BYE","7.4","10.5","13.7","2.9","6.4","6.9","-","7.8","124.5"
"167","Jaylen Warren","RB","PIT","4","8.1","1.1","-","-","4.8","7.9","7.9","BYE","9.5","10.8","15.4","10.4","9.2","2.5","14.2","16.2","2.1","8.3","124.1"
"168","Kayshon Boutte","WR","NE","-","-","1.2","2.1","5.4","14.9","4.3","7.6","3.8","8.7","7.3","3.6","9.1","BYE","3.9","20.5","6.8","24.7","8.3","123.9"
"169","Isaiah Likely","TE","BAL","26.1","4.6","1.4","3.6","16.3","4.7","3.7","8.7","0","-","9.5","0","14.8","BYE","3.7","11.9","7.9","6.8","7.7","123.7"
"170","Demarcus Robinson","WR","SF","8.2","7","4.2","5.7","11.8","-","1.9","17.5","27.4","3.3","3.9","9.5","12.9","0","0","0","0","10.2","7.3","123.5"
"171","Juwan Johnson","TE","NO","10.6","0","0","3.3","8.1","7.8","4.8","7.8","6.1","4.2","12","BYE","8.6","15","3.2","4.7","12.6","14","7.2","122.8"
"172","Amari Cooper","WR","FA","3.6","4.1","27.6","7.5","10","8.2","16.6","1.3","-","-","7.5","-","4.2","15.5","0","2","14.6","-","8.8","122.7"
"173","Stefon Diggs","WR","NE","21.9","7.7","19.9","18.5","14.2","19.7","7.3","12.7","-","-","-","-","-","BYE","-","-","-","-","15.2","121.9"
"173","Tyler Conklin","TE","LAC","1.6","2","14.3","5.7","11.5","3","10.7","13.2","0.7","1.8","1.7","-","7.2","6.3","-","10.9","21.7","9.6","7.6","121.9"
"175","Tyler Lockett","WR","FA","13.7","3.5","9.6","11.1","11.5","16.5","8.5","1.9","15.3","-","3.9","4","4.6","0","3.2","3.9","5","4.8","7.1","121"
"175","Chicago Bears","DST","CHI","24","6","5","8","14","9","BYE","3","7","4","4","4","4","-1","5","0","12","13","7.1","121"
"177","Elijah Moore","WR","FA","3.9","10.4","3.7","2.1","4.1","1.3","10.1","16.5","5.8","-","18.6","5.1","19.2","6.4","1.9","4.1","1.1","6.6","7.1","120.9"
"178","Cole Kmet","TE","CHI","1.4","6.7","25.7","6.4","8.7","24","BYE","4.4","0","3.3","7.2","13.4","5.6","0","2.4","8.9","0","2.3","7.1","120.4"
"179","Justin Fields","QB","NYJ","11.9","11.4","19.4","32","15.9","23.7","-","-","-","-","1.7","2.6","0.7","-","0.8","-","-","-","12","120.1"
"180","Younghoe Koo","K","ATL","4","10","7","20","17","12","2","7","3","5","9","BYE","8","7","9","-","-","-","8.6","120"
"180","Joey Slye","K","TEN","10","8","4","11","4","3","5","5","7","13","11","1","12","-","7","3","1","15","7.1","120"
"182","Andrei Iosivas","WR","CIN","5.6","14.7","16.2","3.9","4.9","5.6","0","0","8","4.9","7.6","BYE","12.5","8.1","1.5","14.3","8.9","3.2","7.1","119.9"
"183","Calvin Austin III","WR","PIT","1.7","1.6","19.5","2.7","1.6","5.6","4.6","20.4","BYE","4","0.9","16.8","10.9","1.4","11.5","10.5","7.1","-2","7","118.8"
"184","Dalton Schultz","TE","HOU","4.6","4.1","3.1","6.4","7.4","6.7","3.8","9.2","5.1","9.6","8.3","4","17.1","BYE","3.3","15.5","4.1","5.9","7","118.2"
"185","Jake Moody","K","SF","26","5","6","13","8","-","-","-","BYE","12","5","5","4","8","9","5","4","8","8.4","118"
"186","Houston Texans","DST","HOU","4","15","3","2","2","0","9","0","2","10","19","19","3","BYE","15","1","2","11","6.9","117"
"187","Ray Davis","RB","BUF","3.7","3.8","9.3","1.1","1.4","18.2","11.7","2.9","17","0.6","1.1","BYE","13.7","0","10.9","3.9","2.3","14.5","6.8","116.1"
"188","Austin Seibert","K","FA","-","22","9","11","10","15","17","13","9","-","-","9","-","-","-","-","-","-","12.8","115"
"189","Jordan Mason","RB","MIN","22.2","17.4","10.8","24","8.8","9.2","8.9","1.8","-","0.5","1.3","2.3","7.8","-","-","-","-","-","9.6","115"
"190","Cooper Rush","QB","BAL","-0.1","0.2","-","-","-","1","-","-","11","-2","17.4","18","11.8","14.8","19.1","15.3","8.1","-","9.5","114.6"
"191","Chig Okonkwo","TE","TEN","9.5","4.6","3.5","1.5","BYE","3.6","9","1.4","6.8","2.4","3.9","14","5.7","3.8","13.9","19.1","10.9","0","6.7","113.6"
"192","Tyjae Spears","RB","TEN","7.2","5.1","10.1","11.9","BYE","2.7","-","-","-","8.1","2.8","-","0.3","3.3","27.2","21.6","13.3","-","9.5","113.6"
"193","Noah Gray","TE","KC","6.7","0","2.3","8","4.9","BYE","10.6","5.3","0","3.8","18.3","22.6","9.8","6.6","10.1","2","1.6","0.7","6.7","113.3"
"194","Seattle Seahawks","DST","SEA","0","6","13","1","11","2","16","2","5","BYE","5","20","0","7","1","3","16","5","6.6","113"
"195","Olamide Zaccheaus","WR","CHI","2.5","4.4","0","14.5","2","6.7","6.5","0","6.8","-0.2","2","1.8","4.4","-","6.6","24","23.3","7.1","6.6","112.4"
"196","Pittsburgh Steelers","DST","PIT","12","0","0","2","11","13","8","15","BYE","0","9","7","15","10","0","2","-1","9","6.6","112"
"197","Keon Coleman","WR","BUF","9.1","0","9.4","8.1","11.9","5.6","16.5","18","5.1","-","-","BYE","-","-","7.4","2.7","11.7","6","8.6","111.5"
"198","Dontayvion Wicks","WR","GB","0","11.6","0","24.8","4","1.9","13.8","3.1","0","BYE","0","3.5","7","8.9","3.4","10.3","8.3","9.9","6.5","110.5"
"199","Will Dissly","TE","LAC","2.3","5.9","4.9","4.4","BYE","6.6","16.1","9.1","2.9","8","18","8.7","0","3.9","-","-","4.1","15.2","7.3","110.1"
"200","Darius Slayton","WR","NYG","5.6","6.3","1.7","8.6","26.2","11.7","2.1","14.8","9","-","BYE","0","2.8","4.7","2.6","3.7","10.2","0","6.9","110"
"201","Cairo Santos","K","CHI","13","11","6","7","6","5","BYE","1","13","3","9","9","2","1","6","5","4","8","6.4","109"
"202","Austin Hooper","TE","NE","5.1","1.5","2.9","9.3","1.9","-0.5","7.2","4.5","1.8","9.4","7.5","15.9","14.2","BYE","6.8","9.5","4.9","6.7","6.4","108.6"
"203","Nick Folk","K","FA","6","6","2","24","-","6","4","2","8","5","8","18","9","7","3","-","-","-","7.7","108"
"203","Philadelphia Eagles","DST","PHI","3","1","7","3","BYE","9","15","6","9","0","6","8","4","4","8","0","19","6","6.4","108"
"205","Joshua Palmer","WR","BUF","3.5","3.9","-","6.6","-","5.8","10.3","9.2","14.3","4.6","4.3","6.8","4.1","13.8","3","9.1","8.1","-","7.2","107.4"
"206","Eddy Pineiro","K","FA","5","3","13","7","4","9","1","2","6","10","-","13","12","4","2","6","2","8","6.3","107"
"207","Devaughn Vele","WR","DEN","11.9","-","-","-","-","11.8","3","5.8","3.1","13.9","10.6","14","2.6","BYE","0","10.1","4.7","15","8.2","106.5"
"208","Gardner Minshew II","QB","KC","11.8","13.9","15","5","9.7","BYE","1.4","15","3","-","19","12.7","-","-","-","-","-","-","10.6","106.3"
"209","Tyler Allgeier","RB","ATL","2.1","7.5","3.2","10","5.5","19.8","5.5","3.3","7.8","5.9","0.9","BYE","3.2","12.3","4.3","4.1","1.9","8.9","6.2","106.2"
"210","Joe Flacco","QB","FA","-","-","-","15","26.6","14.7","-","0","4.1","13.9","-","-","-","-","-","-","17.3","14.6","13.3","106"
"211","Christian Watson","WR","GB","10.3","0","8.7","0","-","15.8","1.5","7.9","8.7","BYE","19","0.4","8.7","13.4","8.6","2.3","-","0","7","105.3"
"212","Mason Rudolph","QB","PIT","-","-","-","3.4","-","-","10.9","21.5","18.5","-","-","-","-","-","16.8","17.4","13","3.3","13.1","104.8"
"213","Jake Ferguson","TE","DAL","4.5","-","15.5","11.9","13","4.1","BYE","8.3","14.1","4.4","2.1","-","-","6.2","4.3","10","2.8","3.2","7.5","104.4"
"214","KaVontae Turpin","WR","DAL","6","2.6","14.2","0","8.4","5","BYE","3.7","6.6","0","17.6","7.8","9.5","4.1","2.7","2.8","4.4","8.8","6.1","104.2"
"215","Mac Jones","QB","SF","-","-","-1.1","-","-","0.2","-","-","BYE","7.2","5.2","-","20","7.1","20.7","13.9","17.2","13.7","10.4","104.1"
"216","Noah Fant","TE","SEA","3.1","2.4","12","4.6","5.4","12.3","10.5","5.2","-","BYE","-","-","5.6","4.8","4.5","8","8.3","17.3","7.4","104"
"216","Baltimore Ravens","DST","BAL","4","7","5","9","1","5","6","3","0","4","7","0","0","BYE","6","14","17","16","6.1","104"
"218","Dallas Goedert","TE","PHI","7.1","6.8","27","13.2","BYE","0","-","-","-","10.5","11.1","5.9","12.5","-","-","-","-","9.5","10.4","103.6"
"219","Antonio Gibson","RB","NE","1.8","11.3","6.7","10.9","6.6","7.3","2.3","0.7","2.1","2.6","3","5.5","12.2","BYE","8.4","5.6","6.3","10.1","6.1","103.4"
"220","Taysom Hill","TE","NO","4.6","2.9","-","14.4","-","-","-","6.2","16","7","42.5","BYE","9.7","-","-","-","-","-","12.9","103.3"
"220","Foster Moreau","TE","NO","14.3","0","1.2","0","9.3","7.4","5.8","0","8.7","0","8","BYE","2.6","6","13.9","5.3","13.7","7.1","6.1","103.3"
"222","Jalen Nailor","WR","MIN","9.1","14.4","12.4","2.1","0","BYE","11.6","3.6","7.7","1.4","0","7.5","2.8","0","1.5","1.5","19.1","8.3","6.1","103"
"223","Dalton Kincaid","TE","BUF","2.1","7.3","13.1","9.7","5.4","11.1","8.2","13.1","7.2","4.4","-","BYE","-","-","9.3","5.5","4.4","-","7.8","100.8"
"224","Harrison Butker","K","KC","9","10","13","5","14","BYE","4","10","7","10","-","-","-","-","3","10","5","0","7.7","100"
"225","Brandon McManus","K","GB","-","-","-","-","-","-","7","12","6","BYE","2","10","13","7","12","13","5","12","9","99"
"226","Tutu Atwell","WR","LAR","0","7.8","13.3","12.2","12.5","BYE","11.1","2.8","2.6","1.6","3.1","6","5.9","7.5","1.6","2.2","0","8.7","5.8","98.9"
"227","Mack Hollins","WR","NE","10.5","0","2.6","1.5","4.7","7.8","0","0","14","12.6","4.7","-","7.7","15.7","1.7","4.5","5.3","5.5","5.8","98.8"
"228","Green Bay Packers","DST","GB","7","0","21","0","13","10","4","5","2","BYE","6","12","8","2","0","0","3","5","5.8","98"
"228","Detroit Lions","DST","DET","0","0","0","7","BYE","18","6","16","9","8","10","7","6","2","-4","7","0","6","5.8","98"
"228","Buffalo Bills","DST","BUF","5","18","0","-1","5","6","11","9","3","0","0","BYE","12","0","0","14","13","3","5.8","98"
"231","Aidan O'Connell","QB","LV","-","-","7.3","-","2.8","12.1","2.1","-","-","BYE","-","-","19.6","7.8","-","11.5","17.6","16.9","10.8","97.5"
"232","Jaleel McLaughlin","RB","DEN","5.8","0.6","8.4","5.6","11.5","4.5","3.5","12.6","5","1.2","1.9","4.4","9.4","BYE","6.4","-","9.6","6.8","6.1","97.2"
"233","Parker Washington","WR","JAC","1.3","0","3.8","0","0","0","6","7.6","7.1","0","2","BYE","24.3","3.5","8.4","11.4","12.1","9.5","5.7","97"
"234","Devin Singletary","RB","NYG","9.2","14.5","18.8","4.8","-","0","3.1","4.3","3.3","5.5","BYE","9","2.3","0.8","13.1","1.2","4","2.7","6","96.6"
"235","Los Angeles Chargers","DST","LAC","14","0","0","8","BYE","7","0","12","18","8","0","0","19","4","1","2","0","3","5.6","96"
"235","Emanuel Wilson","RB","GB","6.8","0.9","16.5","2.7","2.5","8.3","1.1","2.3","9.9","BYE","1.7","4.1","2","0.7","0.9","12.6","8.9","14.1","5.6","96"
"237","Isaac Guerendo","RB","SF","0","0","1.9","-2","2.2","9.9","1.7","19.2","BYE","0","0","0","8.6","26.8","11.5","-","13.9","0.5","5.9","94.2"
"238","Los Angeles Rams","DST","LAR","4","-1","3","3","10","BYE","17","6","22","7","0","0","1","0","12","9","0","1","5.5","94"
"238","Evan McPherson","K","CIN","6","16","9","13","4","5","3","5","12","4","9","BYE","8","-","-","-","-","-","7.8","94"
"240","Ricky Pearsall","WR","SF","-","-","-","-","-","-","5.1","11.7","BYE","17.3","0","0","0","1.5","2.6","7.7","28.7","18.9","8.5","93.5"
"241","Cam Akers","RB","FA","-","2.5","9.9","5.3","12.7","-0.1","0","-","7.3","5.7","11.6","3.5","2.2","3.7","8.4","0.3","11.3","8.9","5.8","93.2"
"242","Jalen Coker","WR","CAR","-","-","-","0","10.8","6","2","17.8","5.6","7.1","BYE","-","-","-","21","2.8","5.5","14","8.4","92.6"
"243","Tim Patrick","WR","DET","-","3.2","1.8","7.2","BYE","9.8","4.5","0","3.2","0","5.6","9.5","6.8","22.3","13","0","2","3.5","5.8","92.4"
"244","Ty Johnson","RB","BUF","0.7","4.2","13.6","6.3","1.5","3.4","7.4","0","2.3","6.2","1.8","BYE","4.7","13.5","17.3","3","3.5","2.3","5.4","91.7"
"245","Brenton Strange","TE","JAC","0","9.5","9.2","4.9","12.4","2.1","0","10.9","0","4.5","1.6","BYE","2.4","3.1","18.3","2.2","0","10","5.4","91.1"
"246","Kansas City Chiefs","DST","KC","4","11","5","6","0","BYE","8","8","2","0","0","0","6","0","21","7","13","0","5.4","91"
"246","Jordan Akins","TE","FA","5.7","2","6.9","2","11.2","0","8.2","0","6.2","-","2.9","6.8","0","2.4","6","1.8","10.9","18","5.4","91"
"248","Greg Dortch","WR","ARI","11.1","3.1","6.5","7.8","1.7","4.6","7.5","1.9","0","0.9","BYE","1.5","2.7","1.5","9.6","3.7","4.8","21.4","5.3","90.3"
"249","Evan Engram","TE","DEN","1.5","-","-","-","-","18.2","8.5","13.6","11.5","10","7.8","-","11.1","7.3","-","-","-","-","9.9","89.5"
"250","Diontae Johnson","WR","FA","3.9","4.5","26.2","21.3","5.9","19.8","2.7","-","0","1.6","0","0","-","-","-","-","-","3.2","7.4","89.1"
"251","T.J. Hockenson","TE","MIN","-","-","-","-","-","BYE","-","-","5.7","15.2","3.3","18.4","5.8","8.5","10.2","4.7","11.8","2.9","8.7","86.5"
"252","Noah Brown","WR","WAS","-","8.6","5.9","5.6","-","9.8","2.6","16.3","11","6.3","1.4","13.1","5.7","BYE","-","-","-","-","7.8","86.3"
"253","Braelon Allen","RB","NYJ","2.7","19.6","9.8","5.6","3.8","0.8","1.6","9.2","0.9","4.4","0.6","BYE","4.7","12.1","0.5","2","2.6","4.3","5","85.2"
"254","Drew Lock","QB","FA","-","-","-","-","-","-","1.5","-","-","-","-","0.1","15.8","16","-","8.5","34.4","8.8","12.2","85.1"
"255","David Moore","WR","CAR","2.4","0","0","0","3.3","3.7","0","7.9","4","3.8","BYE","20.1","9","4.5","3.9","11.9","2.7","7.9","5","85.1"
"256","Marquez Valdes-Scantling","WR","SEA","2.9","0","1.7","0","0","0","-","-","1.5","25.9","16.7","-","11.6","9.1","8.8","-","0","6.3","6","84.5"
"257","Dustin Hopkins","K","CLE","7","13","1","6","9","12","0","12","4","BYE","0","4","7","2","-","0","3","4","5.3","84"
"257","New Orleans Saints","DST","NO","14","8","0","4","0","9","2","5","3","8","4","BYE","2","10","9","0","3","3","4.9","84"
"257","Tampa Bay Buccaneers","DST","TB","3","5","2","11","4","0","0","3","5","5","BYE","10","0","10","8","1","14","3","4.9","84"
"260","Zack Moss","RB","CIN","14.1","5.7","20.7","17.8","8.2","0.5","7","7.9","-","-","0","BYE","-","-","-","-","-","-","9.1","81.9"
"261","Samaje Perine","RB","CIN","2","1.3","7","7.4","3.4","-","3.8","5","13.5","5.7","2.8","4.4","2.5","2.9","4.4","8","4.9","2.4","4.8","81.4"
"262","Cedric Tillman","WR","CLE","1.3","1.2","1.4","0","0","-0.5","18.1","28.9","19.5","BYE","7.7","2.8","-","-","-","-","-","-","7.3","80.4"
"263","Sterling Shepard","WR","TB","-","-","0","8.1","7.4","8.4","4.5","4.8","10.9","2","BYE","6.6","8.2","10.3","2.6","4.4","-","2.1","5.7","80.3"
"264","Rashid Shaheed","WR","NO","16.3","20.9","0","15.7","18.6","8.3","-","-","-","-","-","BYE","-","-","-","-","-","-","13.3","79.8"
"265","Deshaun Watson","QB","CLE","12.7","15.4","16.4","13.2","8.4","8.4","5.1","-","-","BYE","-","-","-","-","-","-","-","-","11.4","79.7"
"266","AJ Barner","TE","SEA","0","0","4.3","10.7","2.3","2.3","1.5","5.4","6.7","BYE","3.5","4.9","9.4","2.3","1.5","9.3","0","14.4","4.6","78.5"
"267","Tyler Boyd","WR","FA","4.8","4.6","6.3","5.1","-","4.9","9.3","4.4","0.3","0","5.4","11.5","6.7","1.7","5.9","4","3.4","-","4.9","78.3"
"268","Roschon Johnson","RB","CHI","-","-","10.2","8.6","14.5","5.3","BYE","6.6","4.1","1.1","11.1","8.2","0","-","-","0.3","0.5","6.9","6","77.4"
"269","Miles Sanders","RB","DAL","2.2","5.5","11","7.6","5.3","2.3","3.8","11.5","1","0.5","-","-","-","-","-","-","-","26.6","7","77.3"
"270","Chris Olave","WR","NO","3.1","12.8","20.6","16.7","3","-0.5","-","18.7","2.3","-","-","BYE","-","-","-","-","-","-","9.6","76.7"
"271","Ja'Tavion Sanders","TE","CAR","1.4","2.8","0","3.6","4.3","9.9","12.1","1.7","12.7","8.8","BYE","7.9","-","0","0","0","1.5","6.5","4.6","73.2"
"272","Miami Dolphins","DST","MIA","6","0","7","0","6","BYE","3","0","2","0","6","12","-1","3","7","6","12","4","4.3","73"
"273","Spencer Rattler","QB","NO","-","-","-","-","-","14.4","6.3","6.2","-","-","-","BYE","-","-","9.4","5.9","15.3","14.7","10.3","72.3"
"274","Arizona Cardinals","DST","ARI","9","0","0","-2","9","1","0","3","12","12","BYE","11","7","0","5","0","4","0","4.2","71"
"275","Christian Kirk","WR","HOU","4","0.9","15.9","19.1","12.8","6.9","3.4","7.9","-","-","-","-","-","BYE","-","-","-","-","8.9","70.9"
"275","Raheem Mostert","RB","LV","3.9","-","-","-","11.8","-","3","16","8.8","5.4","-0.2","1.2","5.4","-","5.1","6.6","3.9","0","5.5","70.9"
"277","Dallas Cowboys","DST","DAL","0","1","-1","4","6","-1","BYE","0","4","8","2","22","17","4","0","0","-4","8","4.1","70"
"278","Brandin Cooks","WR","NO","14.5","3.6","3.6","2.6","-","-","-","-","-","-","-","BYE","10.6","7.3","6.4","7.8","9.2","4","7","69.6"
"279","Sean Tucker","RB","TB","0","0","0.4","2.7","0","34.2","4.8","2.5","2.7","0","BYE","8","0","4.7","1.7","0","5.4","1.6","4","68.7"
"280","Theo Johnson","TE","NYG","2.8","0","2.3","1.6","9.8","6","0","6.5","14.1","7.7","BYE","6.9","10.4","-","-","-","-","-","5.7","68.1"
"281","Dyami Brown","WR","JAC","0","3.7","3.6","1.4","13.7","2.1","3.3","1.6","3.4","0.7","1.4","5.6","7.9","-","6","7.6","-","5.4","4.2","67.4"
"282","Troy Franklin","WR","DEN","-","0","3.1","1.8","3","11.6","10","1.9","2.9","1.9","9.5","5.1","4.8","BYE","2.9","4.5","0.9","3.2","4.2","67.1"
"283","San Francisco 49ers","DST","SF","6","8","3","22","11","7","5","0","BYE","3","0","-2","-4","13","0","-1","0","-4","3.9","67"
"284","Greg Joseph","K","FA","-","-","3","19","11","1","3","14","-","-","-","-","-","-","9","-","-","6","8.3","66"
"285","Josh Oliver","TE","MIN","4.7","0","0","9","0","BYE","1.5","11","16.8","9.2","6.4","-","-","3.6","0","0","0","3.6","4.4","65.8"
"286","Colby Parkinson","TE","LAR","8.7","2.2","5.1","7.3","12.2","BYE","5.2","3.7","0","0","8.9","2","2.3","2.1","4.1","0","0","1.6","3.8","65.4"
"287","Kendrick Bourne","WR","NE","-","-","-","-","1.6","2.9","2.4","0","8.1","-","18","6","7.5","BYE","7.4","3.8","4.2","3.2","5.4","65.1"
"288","New England Patriots","DST","NE","11","3","2","5","10","0","0","1","4","16","0","9","4","BYE","-1","4","-4","1","3.8","65"
"289","Andy Dalton","QB","CAR","0","-","24.6","16.7","4.7","16.9","2","-","-","-","BYE","-","-","-","-","-","-","-","10.8","65"
"290","Rashee Rice","WR","KC","17.3","18.5","29.1","0","-","BYE","-","-","-","-","-","-","-","-","-","-","-","-","16.2","64.9"
"291","Lil'Jordan Humphrey","WR","NYG","0","9","9.7","0","6.8","1.8","3.2","4.2","3.1","4.3","15.2","2.4","0","-","0","0","0","4.6","3.8","64.3"
"292","Gus Edwards","RB","FA","3.8","5.9","0.9","1.9","-","-","-","-","-","5.5","2.7","7.1","4.3","9.6","2.3","20.1","-","-","5.8","64.1"
"293","Jeremy McNichols","RB","WAS","0","0","0.1","20.4","10.4","0.9","4.2","-0.1","2","6.7","1.6","2.2","3.2","BYE","1.4","7.8","3","0","3.8","63.8"
"294","Curtis Samuel","WR","BUF","3.5","1.3","5.2","3.5","0.9","7.4","0","-","0","7.5","16.8","BYE","0.7","3.6","1.1","-","-","12.2","4.6","63.7"
"295","Tyler Huntley","QB","FA","-","-","-","11.8","7.5","-","9.5","-","-","-","-","-","-","-","-","-","24.2","10.7","12.7","63.7"
"296","Van Jefferson","WR","TEN","1.1","3.4","0","4.1","5.6","0","9.5","10.2","-","0","0","5.9","5.3","8","1","4.7","0","4.8","3.7","63.6"
"297","Nick Chubb","RB","FA","-","-","-","-","-","-","10.2","5.2","4.5","-","5","19","12.5","4.8","2.1","-","-","-","7.9","63.3"
"298","Justin Watson","WR","HOU","3.5","4.2","2.3","4.7","0","-","1.8","6.3","7.3","2.6","4.6","2.5","7.6","0","0","0","14","1.5","3.7","62.9"
"299","Brandon Aiyuk","WR","SF","4.8","8.3","9.8","6.8","22.7","5.7","4.3","-","BYE","-","-","-","-","-","-","-","-","-","8.9","62.4"
"300","New York Giants","DST","NYG","0","5","13","2","0","7","4","0","0","4","BYE","1","0","7","1","2","13","3","3.6","62"
"300","Anders Carlson","K","NYJ","-","-","-","-","-","-","8","16","-","-","11","BYE","1","16","7","3","-","-","8.9","62"
"302","Tyler Johnson","WR","NYJ","12.9","4","5","0","0","-","9.7","1.6","6.8","5.5","0","2.1","0","0","0","-","-","13.5","4.1","61.1"
"303","Cleveland Browns","DST","CLE","0","0","6","11","6","10","3","3","6","BYE","0","0","3","3","0","6","5","-1","3.6","61"
"304","Josh Whyle","TE","TEN","0","3.3","8.3","1.5","BYE","1.2","6.4","5.3","2.2","0","1.6","0","1.3","5.1","14.7","0","0","9.9","3.6","60.8"
"305","Kenneth Gainwell","RB","PIT","2.2","0.6","3.2","0.9","-","2.3","7.7","1.9","2","4.9","5.9","8.2","0","5.3","9","0.3","1.9","4.3","3.6","60.6"
"306","Las Vegas Raiders","DST","LV","1","4","-2","9","2","0","4","3","5","BYE","1","0","6","0","9","6","12","0","3.5","60"
"306","Washington Commanders","DST","WAS","-3","4","1","0","13","0","16","6","4","0","2","4","7","BYE","6","0","0","0","3.5","60"
"308","Grant Calcaterra","TE","PHI","2.1","3.9","0","3.6","BYE","10.7","1.5","8.8","8","0","0","0","0","10.6","3.2","0","4.4","3","3.5","59.8"
"309","Dawson Knox","TE","BUF","3.3","0","1.7","1","0","8.2","1.5","7","1.5","6","8","BYE","7.6","1.5","6.2","4.2","1.4","-","3.7","59.1"
"310","Brayden Narveson","K","FA","11","12","13","3","7","11","-","-","-","-","-","-","-","-","-","2","-","-","8.4","59"
"311","Kyle Juszczyk","RB","SF","6","4.9","1.6","2.2","0","10.6","1.4","1.7","BYE","0","3.2","2.4","-2.1","1.3","0","3.6","7.9","12.9","3.4","57.6"
"312","Ezekiel Elliott","RB","FA","12.9","5.2","2.2","3.4","1.7","1.7","-","10.8","-","0.2","5.4","0.6","0.4","1.6","5.1","6.1","0.2","-","3.8","57.5"
"313","Luke Schoonmaker","TE","DAL","0","10.3","1.5","0","1.8","0","BYE","0","0","0","11.6","14.5","8.3","4.2","0","1.3","0","3.6","3.4","57.1"
"314","Jacksonville Jaguars","DST","JAC","4","3","0","4","0","3","0","2","10","11","-4","BYE","0","9","0","3","9","3","3.4","57"
"315","Isiah Pacheco","RB","KC","15.8","16.1","-","-","-","BYE","-","-","-","-","-","-","5.9","8.1","5.7","3.5","1.8","-","8.1","56.9"
"316","Mike Williams","WR","LAC","0","2.9","6.4","10.7","4.5","0","2.5","0","1.6","10.2","0","0","0","6.6","2.5","5.4","0","3.5","3.2","56.8"
"317","Kalif Raymond","WR","DET","1.2","5.7","0","1.9","BYE","11.3","12.9","15.4","1","0","5","0","-","-","-","-","-","2.1","4.7","56.5"
"318","Tommy Tremble","TE","CAR","-","5.3","5.9","0","-0.3","-","-","3.3","-","-","BYE","1.5","12.7","7.3","3.5","6.2","0","11","4.7","56.4"
"319","Matthew Wright","K","CAR","-","-","-","-","-","13","-","-","-","-","BYE","-","14","16","-","-","7","6","11.2","56"
"320","Dare Ogunbowale","RB","HOU","1.3","4.3","4.8","15.4","14.7","0.8","0.6","0.4","-0.1","1.1","2.1","0","0","BYE","3.5","0","2.8","4.3","3.3","56"
"321","John Metchie III","WR","HOU","-","-","-","1.7","0","0","0","5.9","0","18.4","6.3","1.6","3.6","BYE","3.7","-","9.8","4.4","4.3","55.4"
"322","New York Jets","DST","NYJ","2","11","0","6","0","2","0","0","14","0","3","BYE","0","-1","6","3","-4","13","3.2","55"
"322","Atlanta Falcons","DST","ATL","3","3","0","17","2","0","0","0","0","1","-3","BYE","11","0","0","25","0","-4","3.2","55"
"324","Malik Washington","WR","MIA","-","-","-","1.8","0","BYE","2.9","0","0.9","10.5","4.8","1.3","0.8","0","10.2","5.8","7","8.8","3.9","54.8"
"325","Emari Demercado","RB","ARI","4.6","4.6","0.7","3.4","1","11.4","1.4","0","16","2.2","BYE","1.4","2.5","5.5","-","-","-","-","4.2","54.7"
"326","Gabe Davis","WR","JAC","9.2","7.3","3.8","0.8","4.8","21.5","2.3","0","-","2.9","1.3","BYE","-","-","-","-","-","-","5.4","53.9"
"327","Trey Sermon","RB","FA","0","1.7","7.6","0.8","18.3","2.9","5.9","2.4","2.3","1.4","1.3","0","0","-","3.2","2.5","2","1.5","3.2","53.8"
"328","Adonai Mitchell","WR","IND","1.2","4","0","1","9.2","2.9","5","1.9","3.2","13.1","4.5","2","0","BYE","-3","4.6","4.2","0","3.2","53.8"
"329","JuJu Smith-Schuster","WR","KC","0","0","9.7","0","20","BYE","0","-","-","-","1.8","1.6","2","5.1","7.7","0","3.8","1.4","3.8","53.1"
"330","Jordan Whittington","WR","LAR","0","4.2","5.8","12.2","15.9","BYE","0","-","-","0","0","0","0","0","0","0","1.6","12.8","3.5","52.5"
"331","Malik Willis","QB","GB","0","13","25.4","-","-","-","-","8.5","-","BYE","-","0","-","-","-","1.2","-","3.7","7.4","51.8"
"332","Graham Gano","K","NYG","8","0","0","-","-","-","-","-","-","6","BYE","1","10","4","2","1","9","9","4.5","50"
"333","Cedrick Wilson Jr.","WR","NO","-2","0","1.3","0","0","4.8","17.7","-","5.4","-","0","BYE","2.9","2.8","4.8","2.3","4.4","5.2","3.3","49.6"
"334","Elijah Higgins","TE","ARI","3.2","8.8","2.1","3.2","7.2","0","1.1","3.3","5.4","3.3","BYE","1.5","4.3","0","1.5","0","4.3","0","2.9","49.2"
"335","Nelson Agholor","WR","FA","1.6","2.3","6.6","3","1.4","3.5","3","12.6","3.9","7.6","0","0","0","-","3.6","-","-","-","3.5","49.1"
"336","Audric Estime","RB","DEN","1.4","-","-","-","-","1.3","0.9","0.4","3.5","5.3","5.5","1.5","1.2","BYE","2.8","10.8","4.7","9.4","3.7","48.7"
"337","Nick Vannett","TE","FA","3.1","0","8.9","0","-","0","6.5","0","11.3","0","1.6","0","1.6","1.4","1.7","0","7.8","4.6","2.9","48.5"
"338","Christian McCaffrey","RB","SF","-","-","-","-","-","-","-","-","BYE","16.7","14.6","7.8","8.7","-","-","-","-","-","12","47.8"
"339","Michael Penix Jr.","QB","ATL","-","-","-","-","-","-","0.6","-","-","-","1","BYE","-","-","-","7.4","12.2","26","9.4","47.1"
"339","DJ Turner","WR","FA","1.9","0.2","0","7.8","2.7","5.7","3.7","13.2","0","-","5.9","2.5","3.5","-","-","-","0","-","3.6","47.1"
"341","Indianapolis Colts","DST","IND","5","0","0","0","0","0","0","4","16","6","3","0","6","BYE","7","0","-4","4","2.8","47"
"342","Trey Benson","RB","ARI","2.8","2.7","0.8","5","-","2.6","0","1","12.5","10.7","BYE","1.8","2","2.9","2.2","-","-","-","3.6","47"
"343","Jacoby Brissett","QB","ARI","8","10.6","3.9","8","7.4","-","-","8.4","-","-","BYE","-","0","-","-","-","-0.1","-","5.8","46.2"
"344","Parker Romo","K","NE","-","-","-","-","-","-","-","-","-","13","6","13","14","BYE","-","-","-","-","11.5","46"
"344","Cade York","K","FA","2","-","-","-","-","-","-","-","-","-","-","-","-","9","7","8","6","14","7.7","46"
"344","Tennessee Titans","DST","TEN","8","2","0","0","BYE","3","0","0","0","0","4","10","0","9","6","0","0","4","2.7","46"
"347","Isaiah Davis","RB","NYJ","-","-","0.6","-","0","0","1.2","0","0","2","0","BYE","12.2","15.7","3.6","1.2","5.3","4.1","3.3","45.9"
"348","Marcus Mariota","QB","WAS","-","-","-","-","0.1","-","19.6","-","-","-","-","-","-","BYE","-","-","-","26","15.3","45.8"
"349","Johnny Mundt","TE","JAC","3.5","3.2","7.2","3.5","5.1","-","4.8","2","0","0","2.3","1.7","10.2","0","0","0","1.7","0","2.7","45.2"
"350","Darnell Washington","TE","PIT","1.5","7.5","0","5.1","1.5","1.9","7.6","3.9","BYE","1.6","6.2","4.4","2","0","0","0","1.8","0","2.6","45"
"351","Tyler Goodson","RB","IND","-","1.2","0","0","8.7","10.5","11.1","0","0","8.9","0","0","0","BYE","0.3","2.2","0","1.5","2.8","44.4"
"352","Cincinnati Bengals","DST","CIN","0","0","-2","0","1","8","0","-4","0","-4","0","BYE","8","8","0","18","4","7","2.6","44"
"353","Adam Trautman","TE","DEN","0","0","2.3","0","2.9","0","0","18.5","1.4","4.4","0","1.3","0","BYE","10","1.5","1.5","0","2.6","43.8"
"354","Dameon Pierce","RB","HOU","1.6","-","-","-","-","14.7","0.2","0.4","-","-","0.2","0","1.1","BYE","0","0.4","1.3","23.6","4","43.5"
"354","Nate Adkins","TE","DEN","0","0","1.6","1","1.8","1.5","0","7.3","0","0","8.2","0","2.6","BYE","8.5","3.8","1.7","5.5","2.6","43.5"
"356","Chris Brooks","RB","GB","-","-","0.3","-","-","2.1","0","2.7","7.1","BYE","3.3","3.6","4.9","0.3","2.5","9.5","0","5.9","3.2","42.2"
"357","Jahan Dotson","WR","PHI","0","1.6","2.8","3.1","BYE","3.3","0","0","4.6","3.7","1.8","1.4","1.7","1.5","0","0","0","16.4","2.5","41.9"
"358","Greg Zuerlein","K","NYJ","1","6","6","10","5","8","1","4","-","-","-","BYE","-","-","-","-","-","-","5.1","41"
"359","Derius Davis","WR","LAC","0.9","0","0.8","0","BYE","3.2","-","-","0","3.3","3","2.4","1.6","2.1","0","10.8","10.6","1.4","2.7","40.1"
"360","Tanner Hudson","TE","CIN","1.8","-","-","-","-","0","0","0","3.4","16.3","3.3","BYE","6.8","2.9","1.9","-","-","2.1","3.5","38.5"
"361","Josh Reynolds","WR","NYJ","9.5","13.3","5.6","0","7.9","-","-","-","-","-","-","BYE","-","-","0","0","0","2.1","4.3","38.4"
"362","Robert Woods","WR","FA","0","0","3.8","2","0","-","-","3.8","6.4","1.1","3.3","1.8","0","-","3.2","4.9","4.1","3.9","2.6","38.3"
"363","Zane Gonzalez","K","WAS","-","-","-","-","-","-","-","-","-","11","5","-","6","BYE","-","4","6","6","6.3","38"
"364","Cordarrelle Patterson","RB","PIT","1.3","0.3","7.8","8.2","-","-","-","-","BYE","1.4","1","-0.2","8.3","-0.9","1.8","8.2","0.2","0.1","2.9","37.5"
"365","Jamaal Williams","RB","FA","12.1","3.9","0.9","3.9","0.9","0.7","1.7","0.4","-","-","-","-","1.7","3.5","0","0.8","3.4","3.2","2.7","37.1"
"366","Ryan Miller","WR","TB","-","-","-","-","-","4.9","-","4.9","7.1","2.1","BYE","2.4","0","0","1.1","9.7","4.6","0","3.3","36.8"
"367","Michael Mayer","TE","LV","2.3","2.1","1.7","-","-","-","-","-","-","BYE","1.5","3.1","1.5","13.8","2.1","0","2.4","6.1","3.3","36.6"
"368","Drew Sample","TE","CIN","0","5.8","0","1","0","0","0","0","11.4","0","1.5","BYE","2.8","3.3","1.8","2.2","1.3","5.4","2.1","36.5"
"369","Tylan Wallace","WR","BAL","0","0","0","0","5.1","0","0","0","0","20.5","1.8","2.5","3.4","BYE","1.8","0","1.2","0","2.1","36.3"
"370","D'Ernest Johnson","RB","FA","-","2.6","1.2","0","3","6.4","10","3.3","0.6","0","0.3","-","-","-","-","1.8","3.1","3.6","2.8","35.9"
"371","Michael Carter","RB","ARI","-","-","-","-","-","-","-","-","-","-","BYE","-","-","0","-","9.8","10.1","15.9","9","35.8"
"371","Erick All Jr.","TE","CIN","0","7.2","6.2","6.8","3","3","0","5.2","4.4","-","-","BYE","-","-","-","-","-","-","4","35.8"
"373","Jalen Brooks","WR","DAL","2.8","2","3.4","0","2","2.5","BYE","0","4.6","1.4","-","5.1","1","-","8.7","-","2.2","0","2.6","35.7"
"374","Trey Palmer","WR","TB","2.9","0","0","11.6","-","-","2.6","4.9","5.3","0","BYE","2.8","0","0","0","5.1","0","0","2.3","35.2"
"375","Pierre Strong Jr.","RB","CLE","5","1.5","-","-","0.2","9.8","2.5","1.3","0.8","BYE","0.5","-","0","2.9","0","2.9","7.8","-","2.7","35.2"
"376","Brock Wright","TE","DET","1.2","0","7.4","3.3","BYE","0","0","7.8","1.1","0","7.5","4.4","2.3","0","0","0","0","0","2.1","35"
"377","Luke McCaffrey","WR","WAS","4.8","0","7.4","2.7","4.9","1.5","0","1.8","0","3.3","0","1.8","3.3","BYE","1","2.3","0","0","2","34.8"
"377","Stone Smartt","TE","NYJ","0","0","0","0","-","2","4.1","0","-","-","0","0","1.3","8.4","8","6.7","4.3","0","2.3","34.8"
"379","Payne Durham","TE","TB","0","0","1.8","0","0","0","-","0","0","0","BYE","3.6","0","0","0","7.9","11.6","9.6","2.2","34.5"
"380","Cade Stover","TE","HOU","0","2.8","0","3.7","2.6","0","2.5","3.9","0","1.2","3.5","11.6","1.4","BYE","-","-","1.1","0","2.3","34.3"
"381","Lucas Krull","TE","DEN","-","-","-","-","1.5","3.1","7.1","3.8","0","4.1","0","0","5.4","BYE","2.8","5.1","1.3","0","2.6","34.2"
"382","Blake Corum","RB","LAR","0","2.8","-","-","4.3","BYE","1.1","2.8","-0.1","2.5","3.8","0.5","4.2","3.4","4","1.4","-0.4","3.2","2.2","33.5"
"383","Mecole Hardman Jr.","WR","GB","0","0","0","0","7.3","-","12.5","1.8","4.7","1.3","4.1","1.5","0","-","-","-","-","-","2.8","33.2"
"384","Matt Prater","K","FA","8","14","9","2","-","-","-","-","-","-","-","-","-","-","-","-","-","-","8.3","33"
"385","Joshua Dobbs","QB","NE","-","0","-","-","-","-","-","-","-","-","-","-","-","BYE","-","-","8.1","24.7","10.9","32.8"
"385","Hassan Haskins","RB","LAC","-","1.1","-","0","BYE","0.5","0.2","0","0","6.4","0.1","0.3","-2","0","0","11.9","5","9.3","2.2","32.8"
"387","Mo Alie-Cox","TE","FA","0","3.2","0","0","11.7","8.1","0","0","0","0","3.7","0","3.5","-","0","2.5","0","0","1.9","32.7"
"388","Ja'Lynn Polk","WR","NE","1.6","9.2","3.3","6","2.3","1.4","0","-","0","7.2","0","1.7","0","BYE","0","0","0","-","2.2","32.7"
"389","Kimani Vidal","RB","LAC","-","-","-","-","BYE","13.1","2.9","1.6","0.7","-","-","-","2","3.4","4.2","2.4","2.4","0","3.3","32.7"
"390","D'Onta Foreman","RB","FA","0","6.1","0.5","1.7","7","6.7","0.5","2.6","-","-","-","-","-","-","-","-1.9","4.9","4.5","3","32.6"
"391","Kylen Granson","TE","PHI","0","1.9","5","0","0","0","0","1.4","3.2","3.5","1.4","0","0","-","7.7","0","6.4","1.7","1.9","32.2"
"391","Jonathan Mingo","WR","DAL","4.3","1.1","5","5.4","5.7","1.1","0","0","0","-","0","1.8","1.2","0","0","0","2.2","4.4","1.9","32.2"
"393","KhaDarel Hodge","WR","ATL","0","0","0","6","14.7","0","0","0","1.9","0","4.2","BYE","0","0","0","-","1.9","3.4","2","32.1"
"394","Dante Pettis","WR","NO","-","-","-","-","-","-","-","-","-","1.8","1.9","BYE","3.5","0","4.4","5.1","5.7","9.6","4","32"
"395","Malik Heath","WR","GB","-","-","0","3.2","3.4","0","0","0","-","BYE","0","9.5","0","0","-","-","7.3","8.3","2.6","31.7"
"396","Chris Rodriguez Jr.","RB","WAS","0","-","-","-","-","-","-","-","5.2","0.4","-","-","15.4","BYE","0.2","0.5","9.8","0","3.9","31.5"
"396","Khalil Herbert","RB","IND","0.4","8.7","0.9","-","0","0","-","-","-","0","0","-","1.4","2.1","0.4","0","2.3","15.3","2.4","31.5"
"398","Riley Patterson","K","FA","-","-","-","-","-","-","-","-","3","-","-","-","-","-","1","12","6","8","6","30"
"399","Patrick Taylor Jr.","RB","SF","-","-","-","0","0","3.8","-","0.9","BYE","-","-","-","-","8.5","0","3.5","0","13.1","3.3","29.8"
"400","Jake Bobo","WR","SEA","0","3.5","0","6","1.3","3.8","0","2.5","0","BYE","0","1.8","0","0","1.8","1.6","0","7.4","1.7","29.7"
"401","Michael Burton","RB","DEN","1.3","1.1","0","1.3","1.5","0","0","3.8","-0.1","0","1","2.1","6.1","BYE","0","10.9","0","0.3","1.7","29.3"
"402","Zamir White","RB","LV","4.6","6.8","3.4","3","-","-","3.7","-0.1","7","BYE","0.9","-","-","-","-","-","-","-","3.7","29.3"
"403","Kendre Miller","RB","NO","0","-","-","-","-","-","5.7","1.6","-","-","-","BYE","-","9.2","4.6","5.1","2.9","-","4.2","29.1"
"404","Tanner McKee","QB","PHI","-","-","-","-","BYE","-","-","-","-","-","-","-","-","-","-","-","10","18.9","14.4","28.8"
"405","JaMycal Hasty","RB","FA","0","0.2","0.5","1.5","0","3.1","15.7","-","0.7","3.4","0.2","3.5","0","-","0","-","0","-","2.1","28.8"
"406","Jeremy Ruckert","TE","NYJ","0","0","3.5","3","0","2.7","0","4.4","1.4","3.7","1.6","BYE","1.3","0","2.2","3.2","0","1.5","1.7","28.5"
"407","Ty Chandler","RB","MIN","7.2","8.2","1.3","2.3","5.9","BYE","0.4","0","-","1.8","0","0","0.2","0","0.4","0","0.7","-","1.9","28.4"
"408","Charlie Kolar","TE","BAL","0","1.4","4","0","15.6","0","2.4","1.9","0","1.4","0","1.6","-","BYE","-","-","-","0","2.2","28.3"
"409","Sincere McCormick","RB","LV","-","-","-","-","-","-","-","-","-","BYE","-","3.3","8.5","10.9","4.5","-","-","-","6.8","27.2"
"410","Kevin Austin Jr.","WR","NO","-","-","-","-","-","-","-","-","-","5.6","2.8","BYE","7","1.5","1.8","2.7","3.3","2.3","3.4","27"
"411","Hunter Luepke","RB","DAL","3.8","0","6.1","4.2","3.4","0","BYE","0","2.9","0","-","2","0.4","1.5","0","0","1.1","1.5","1.7","26.9"
"412","Bub Means","WR","NO","0","0","-","0","0","15.5","6.7","4.6","-","-","-","BYE","-","-","-","-","-","-","3.8","26.8"
"413","Jaylen Wright","RB","MIA","-","0.4","1.7","3.2","8.6","BYE","3.3","1.8","1.8","0.3","1.6","0.8","0","3.3","0.3","-","0","-0.4","1.8","26.7"
"413","Eric Saubert","TE","SEA","0","4.6","6.1","0","0","0","0","0","-","0","1.7","0","0","1.4","0","7.2","0","5.7","1.6","26.7"
"415","Tyler Higbee","TE","LAR","-","-","-","-","-","BYE","-","-","-","-","-","-","-","-","-","8.1","2.9","15.6","8.9","26.6"
"416","Daniel Bellinger","TE","NYG","1.3","0","2.7","0","0","0","2.1","0","0","0","BYE","0","0","9.5","6.5","1.5","0","2.9","1.6","26.5"
"417","Alec Ingold","RB","MIA","0.8","0.2","4.4","0","6.3","BYE","1.4","5.2","0","-","-","0","3.5","0","0","0.4","0","4.1","1.8","26.3"
"418","Jamison Crowder","WR","FA","1.5","-","0","-","-","-","-","-","-","-","-","-","-","-","5.7","15.5","5.5","-2","4.4","26.2"
"419","Kenny Pickett","QB","CLE","-","-","-","-","-","-","0","-","-","0.3","-","-0.2","-","-","-","10","16","-","5.2","26.1"
"419","Jordan Mims","RB","NO","1.1","0","0","-","-","3.8","-","-","4.8","2.4","0.3","BYE","-","-","-","8.2","-","5.5","2.9","26.1"
"421","Spencer Shrader","K","IND","3","-","-","-","-","-","-","-","-","7","3","13","-","BYE","-","-","-","-","6.5","26"
"422","Drew Ogletree","TE","IND","0","2.2","0","8.5","1.5","4.4","0","0","0","1.2","1.8","0","3.2","BYE","0","0","0","3.1","1.5","25.9"
"423","Desmond Ridder","QB","FA","-","-","-","-","-","-","-","-","5.2","-","-","0.9","-","4.3","13.1","-","-","0.4","4.8","23.9"
"423","Mason Tipton","WR","NO","1.6","0","3.1","1.6","1.2","2.5","10.5","3.4","0","0","-","BYE","-","-","-","0","-","-","2.2","23.9"
"423","Carson Steele","RB","KC","0.3","0.4","8.4","-0.4","1.2","BYE","1.7","2.4","0.9","0.3","1.7","2.3","0","0","0","0","-","4.7","1.5","23.9"
"426","Xavier Hutchinson","WR","HOU","1.3","0","0","0","5.1","0","2.1","2.9","0","2.6","0","0","-","BYE","2.3","1.8","4.1","1.5","1.5","23.7"
"427","Bo Melton","WR","GB","0","0.8","0","3.8","2.2","4.3","1.7","0","2.9","BYE","0","0.5","0","0","0","1.4","4.8","0.1","1.3","22.5"
"428","Kenny McIntosh","RB","SEA","-","0","1.1","0","-","-","0.5","-","-","BYE","0","0","0","6.5","0.9","3.9","4.6","4.9","1.9","22.4"
"429","Trent Sherfield Sr.","WR","DEN","0","2.7","1.8","1.8","0","-","0","8","1.7","2.1","2.6","0","0","0","1.6","0","0","0","1.3","22.3"
"430","Julian Hill","TE","MIA","1.6","0","4.4","0","0","BYE","1.4","4.1","-","0","4.8","1.8","1.5","2.4","0","0","0","0","1.4","22"
"431","Dorian Thompson-Robinson","QB","PHI","-","-","-","-","BYE","-","5.7","-","-","-","0","0","-","-","1.3","9.2","4.8","0.8","3.1","21.8"
"432","Rakim Jarrett","WR","TB","-","-","-","-","-","-","-","8.8","1.9","3","BYE","4","0","0","0","1.6","2.1","0","2.1","21.4"
"433","DeeJay Dallas","RB","ARI","6","0","0","0","0","0","0","0","0.2","1","BYE","0","-","0","1.5","7.1","1.5","3.7","1.3","21"
"434","Craig Reynolds","RB","DET","-","0","0","0","BYE","2.1","0","0.3","0","-","2.1","0.6","-","0","0","3.3","8.6","3.9","1.5","20.9"
"435","Jimmy Garoppolo","QB","LAR","-","-","-","-","-","BYE","-","-","-","-","-","-","-","-","-","-","-","20.9","20.9","20.9"
"436","Tyrod Taylor","QB","NYJ","6.1","-","-","-","-","-","-","-","-","-","-","BYE","-","-","-","-","13.9","-","10","20.1"
"437","Joe Milton III","QB","DAL","-","-","-","-","-","-","BYE","-","-","-","-","-","-","-","-","-","-","19.2","19.2","19.2"
"437","Ashton Dulin","WR","IND","12.4","2.3","0","0","0.9","0","1.2","0","1.7","0.7","0","0","-","BYE","-","0","0","0","1.3","19.2"
"437","Devin Duvernay","WR","CHI","0.3","0.4","0.9","0","0.3","-","BYE","-","-","0","0","-","4.3","3.1","7.2","1.3","1.4","0","1.5","19.2"
"440","K.J. Osborn","WR","WAS","5.1","1.7","0","1.3","-","-","10.6","0","-","0","-","-","-","BYE","-","-","0","-","2.3","18.7"
"440","Luke Farrell","TE","SF","0","3.3","1.1","0","3.7","0","0","0","1.5","3.6","1.3","-","0","0","0","2.8","0","1.4","1.1","18.7"
"442","Ronnie Rivers","RB","LAR","1.6","1","0.9","2.6","-","BYE","0","-","-","-","-","-","-","0","-","-","-","12.2","2.6","18.3"
"443","Ryan Flournoy","WR","DAL","-","-","-","-","0","0.2","BYE","0","2.3","0","3.9","0","-","0","-","7.1","1.3","3.4","1.7","18.2"
"444","Marquise Brown","WR","KC","-","-","-","-","-","BYE","-","-","-","-","-","-","-","-","-","9.5","8.6","-","9.1","18.1"
"445","Brevyn Spann-Ford","TE","DAL","0","0","0","0","4","0","BYE","0","0","0","8.2","4.4","0","0","1.2","0","0","0","1","17.8"
"446","Ainias Smith","WR","PHI","-","-","-","-","BYE","-","-","0","1.2","2.6","0","0","-","-","-","-","0","13.9","2.5","17.7"
"447","Harrison Bryant","TE","PHI","0","0","0","4.1","0","5.4","3.9","-","4.2","-","-","-","-","0","0","0","0","0","1.4","17.6"
"448","Eric Gray","RB","NYG","2.5","0","-2","0.1","6.4","1.3","1.9","1.3","0","0","BYE","2.6","0","-","0","1.2","0","2","1.1","17.3"
"449","Patrick Ricard","RB","BAL","0","0","0","6","0","0","0","0","7.3","0","1.5","0","0","BYE","0","0","0","2.4","1","17.2"
"450","Blake Whiteheart","TE","CLE","-","0","0","10.3","0","-","-","-","-","BYE","-","3.9","0","0","0","0","1.8","1.1","1.6","17.1"
"451","Carolina Panthers","DST","CAR","-1","0","5","1","-3","-2","0","0","1","9","BYE","4","0","4","2","0","-2","-1","1","17"
"452","Simi Fehoko","WR","ARI","0","0","2.7","0","-","6.4","7.5","0","0","-","BYE","-","-","-","-","-","-","-","2.1","16.6"
"453","Zay Jones","WR","ARI","-","-","-","-","-","-","0","1.3","0","0","BYE","0","0","2.3","1.3","0","2.9","8.6","1.5","16.4"
"454","Connor Heyward","TE","PIT","0","0","1.2","0","10.3","1.4","0","0","BYE","0","0","0","0","0","0","1.3","1.8","0","0.9","16"
"454","MyCole Pruitt","TE","FA","1.9","0","-","-","-","-","0","2","-","0","-","0","4.1","0.9","0","7.1","0","0","1.3","16"
"456","Will Shipley","RB","PHI","0","0","0","0","BYE","0","1.5","-0.3","0","3.4","0","-","0.4","0","-","-","-","10.7","1.2","15.7"
"456","Kenny Yeboah","TE","DET","-","-","-","-","BYE","-","-","-","2.2","1.4","8.1","-","0","0","0","0","0","4","1.7","15.7"
"458","Bryce Oliver","WR","TEN","-","-","-","-","BYE","-","-","-","0","4.3","4.3","0","0","2.6","1.8","0","0","2.5","1.6","15.5"
"459","Hayden Hurst","TE","FA","5.3","1.5","3.5","1.6","-","0","-","-","1.6","0","-","-","-","-","-","1.8","-","0","1.7","15.3"
"460","Mitchell Trubisky","QB","BUF","-","-0.2","0","0.1","0","-","-","-0.3","-","-0.1","-","BYE","-0.1","-","-","-","6.7","9.2","1.7","15.3"
"461","Parris Campbell","WR","DAL","-","0","3.3","11.7","-","-","0","-","-","-","-","-","0","-","-","-","-","-","3","15"
"462","Tim Boyle","QB","TEN","-","-","3.8","-","BYE","-","3.4","-","-","-","-","-","-","-","7.8","-","-","-","5","14.9"
"463","Johnny Wilson","WR","PHI","0","0","1.9","0","BYE","0","0","0","0","7.5","0","0","-","0","0","0","0","5.4","0.9","14.8"
"464","Jalen Reagor","WR","LAC","-","-","-","-","BYE","-","3","5.5","1","-0.2","0","4","0","1.4","-","-","-","-","1.8","14.7"
"465","Jermaine Burton","WR","CIN","0","5.7","0","0","0","-","0","5.1","-","2.1","1.8","BYE","0","0","0","0","0","-","1.1","14.7"
"466","Quintin Morris","TE","FA","0","0","0","0","0","0","0","0","7.2","0","0","-","2.4","-","0","0","0","5","0.9","14.6"
"467","Odell Beckham Jr.","WR","FA","-","-","-","-","0","-","0","0","4.5","3.7","3.3","0","1.9","1.1","-","-","-","-","1.6","14.5"
"468","John Bates","TE","WAS","0","1.5","0","1.9","0","0","0","3","0","0","3.7","0.3","0","BYE","1.6","0","2.4","0","0.8","14.4"
"468","Xavier Gipson","WR","NYJ","0","0","3.6","1.6","0","0","0","7.1","0","0","2.7","BYE","0.9","0","0","-2","0","0.5","0.8","14.4"
"470","Durham Smythe","TE","CHI","0","1.8","1.3","0","0","-","0","0","1.4","1.6","1.3","1.8","1.8","0","1.8","1.5","0","0","0.8","14.3"
"471","Jake Haener","QB","NO","0","-0.3","-","-","1.8","-","5.5","5.9","-","-","-0.2","BYE","-","-0.1","1.7","-","-","-","1.8","14.2"
"472","Jalin Hyatt","WR","NYG","0","0","0","0","0","1.6","0","-","0","7.9","BYE","0","2.8","0","0","1.9","0","0","0.9","14.2"
"472","DeAndre Carter","WR","CLE","1.6","6.2","5.2","0","0","0","-","1.7","0","1.5","0","-2","0","0","-","-","-","-","1.1","14.2"
"474","Brandon Powell","WR","FA","0","3.6","2.3","0","0","-","0","0","1.9","0","2.3","0","1.8","0","2.2","0","0","0","0.8","14.1"
"475","Tyrell Shavers","WR","BUF","-","-","-","-","0","-","-","-","-","0","-","BYE","-","-","-","-","13.9","-","4.6","13.9"
"476","Ben Sinnott","TE","WAS","0","0","0","0","0","0","8.6","0","2.2","0","0","0","1.3","BYE","1.7","0","0","0","0.8","13.8"
"477","Devin Culp","TE","TB","-","-","-","-","-","-","0","0","-","-","BYE","-","-","-","-","0","8.2","5.6","2.8","13.8"
"478","Trey Lance","QB","LAC","-","-","-","-","BYE","-","-","-","-","1.5","-","-0.3","-","-","-","-","0.1","12.4","3.4","13.7"
"479","River Cracraft","WR","SEA","-","-","-","-","-","-","-","-","-","0","0","0","0","-","1.6","1.6","2.6","7.8","1.7","13.6"
"479","Chris Conley","WR","FA","0","1.4","0","0","-","0","0","0","-","-","0","0","0","0","0","0","2.3","9.9","0.9","13.6"
"481","C.J. Ham","RB","MIN","1.1","0","0","0","7","BYE","0","0","0","0","0","0","0","0","0","1.9","3.5","0","0.8","13.5"
"481","Michael Woods II","WR","CLE","-","-","-","-","-","-","-","-","-","BYE","-","-","7.3","2.2","2.7","0","1.3","-","2.7","13.5"
"483","Tommy DeVito","QB","NYG","-","-","-","-","-","-","-","-","-","-","BYE","10.8","-","0","2.7","-","-","-","4.5","13.5"
"484","Julius Chestnut","RB","TEN","0","0","-","-","BYE","0.2","3.4","3.2","2.2","0","0","1.5","0","0","-","0","1.7","1.1","1","13.3"
"485","DJ Chark Jr.","WR","FA","-","-","-","-","-","-","-","-","-","0","-","-","0","1.9","3.6","0","0","7.6","1.9","13.1"
"486","Hunter Long","TE","JAC","0","0","0","0","3.6","-","1.5","2.8","1.4","0","0","0","0","0","3.7","0","0","0","0.8","13"
"487","Pharaoh Brown","TE","MIA","-","-","1.9","1.3","1.7","0","0","0","0","-","0","3.9","0","1.6","0","2.7","-0.6","0","0.8","12.5"
"488","Chris Manhertz","TE","NYG","0","0","0","0","0","0","0","0","7.2","0","BYE","0","0","0","0","0","2.2","2.6","0.7","12"
"489","Tay Martin","WR","TEN","-","-","-","-","BYE","-","-","-","-","-","-","-","-","-","-","-","-","11.9","11.9","11.9"
"490","Scotty Miller","WR","PIT","0","0","5.1","0","0","0","0","0","BYE","-","0","-","-","6.8","0","0","0","-","0.9","11.9"
"491","Ben Skowronek","WR","PIT","-","0","-","-","0","-","-","-","BYE","0","1.4","0","3.3","0","2.7","4.5","-","0","1.2","11.9"
"492","Deuce Vaughn","RB","DAL","0.4","2.7","2.3","0","-","-","BYE","-","-","-","2.7","-","-","-","-","-","-","3.7","2","11.8"
"493","Charlie Woerner","TE","ATL","1.4","0","0","0","0","0","0","2.3","0","0","-","BYE","1.5","2.1","2.7","0","1.6","0","0.7","11.6"
"493","Gerald Everett","TE","FA","0.9","2.1","0","0","4.2","0","-","1.3","1.5","0","0","0","0","0","0","1.6","0","0","0.7","11.6"
"495","Tony Jones Jr.","RB","FA","-","-","-","-","-","-","-","-","-","-","-","-","-","-","-","-","-","11.5","11.5","11.5"
"495","Luke Musgrave","TE","GB","0","1.6","1.3","4.3","-","-","-","-","-","BYE","-","-","-","-","-","0","1.4","2.9","1.6","11.5"
"497","Tucker Fisk","TE","LAC","-","-","-","-","BYE","-","-","-","-","0","1.6","1.7","1.1","1","1.7","2","1.8","0","1.2","10.9"
"498","Jacob Cowing","WR","SF","0","0","0","0","-","0","7","0","BYE","-2","0","-","0","0","0","0","0","5.7","0.7","10.7"
"498","Laviska Shenault Jr.","WR","BUF","1.1","1.6","1.2","2.8","0","4","0","2","0","-","0","BYE","-2","-","0","-","-","-","0.9","10.7"
"500","Jeff Wilson Jr.","RB","FA","2.6","3.2","1.4","0","-","-","-","-","-","-","-","-","0","2.1","-","1.2","0.5","-0.4","1.2","10.6"
"501","Britain Covey","WR","FA","0","8.3","2.1","-","-","-","-","-","-","-","-","0","0","-","-","-","-","-","2.1","10.4"
"502","Peyton Hendershot","TE","FA","-","0","-","-","-","-","-","-","1.9","1.6","2.1","0","-","-","-","-","0","4.5","1.4","10.1"
"503","Clyde Edwards-Helaire","RB","NO","-","-","-","-","-","-","-","-","-","-","-","BYE","-","-","-","-","5","5","5","10"
"504","Davis Allen","TE","LAR","0","-","-","-","0","BYE","0","0","1.5","8.4","0","0","0","0","0","0","0","0","0.7","9.9"
"505","Kristian Wilkerson","WR","LV","-","-","-","-","-","9.8","0","-","-","BYE","-","-","-","-","-","-","-","-","4.9","9.8"
"506","Tip Reiman","TE","ARI","0","0","0","0","1.5","0","1.1","0","0","0","BYE","0","1.9","2.4","2.8","0","0","0","0.6","9.7"
"507","Davis Mills","QB","HOU","-","-","3.2","-","-","0","-","-","-","-","-","-","-","BYE","-","-","0.2","6.2","2.4","9.6"
"508","Tyler Badie","RB","DEN","-","2.8","7","-0.4","-","-","-","-","-","-","-","-","-","BYE","-","-","-","-","3.1","9.4"
"509","Devontez Walker","WR","BAL","-","-","-","-","-","-","0","-","0","-","-","0","-","BYE","9.1","0","0","0","1.3","9.1"
"510","Bailey Zappe","QB","KC","-","-","-","-","-","BYE","-","-","-","-","-","-","-","-","-","-","-","9","9","9"
"511","Tyquan Thornton","WR","KC","4.7","0","0","0","0","BYE","-","4","-","-","-","-","-","-","-","-","-","-","1.5","8.7"
"512","Brandon Allen","QB","TEN","-0.1","-","-","-","BYE","-","-","-","-","-","-","9.5","-","-1","-","-","-","-","2.8","8.4"
"513","Ben Sims","TE","GB","0","0","0","0","0","5.8","1.2","0","0","BYE","0","0","0","1.2","0","0","0","0","0.5","8.2"
"514","Sione Vaki","RB","DET","0","2.7","0","-","BYE","0.5","0","0","-","0","0.9","0","-","-","0","4","0","-","0.7","8.1"
"515","Raheem Blackshear","RB","CAR","0","0","0","0","0","0","0","0","0","0","BYE","0","0","0","-","1.3","2","4.7","0.5","8"
"516","Skylar Thompson","QB","PIT","-","3.6","4.3","-","-","-","-","-","BYE","-","-","0","-","-","-","-","-","-","2.6","7.9"
"517","Cam Grandy","TE","CIN","-","-","-","-","-","-","-","-","-","1","0","BYE","0","0","3.2","0","1.7","1.9","1","7.8"
"517","Greg Dulcich","TE","NYG","3.2","4.6","0","0","-","-","-","-","-","-","BYE","-","-","0","0","0","0","0","0.9","7.8"
"519","E.J. Jenkins","TE","PHI","0","0","-","-","BYE","-","-","-","0","-","-","-","-","0","0","0","0","7.7","1","7.7"
"520","Jonathon Brooks","RB","CAR","-","-","-","-","-","-","-","-","-","-","BYE","0.7","7.1","-0.3","-","-","-","-","2.5","7.5"
"520","Treylon Burks","WR","TEN","1.3","0","1.9","2.3","BYE","2","-","-","-","-","-","-","-","-","-","-","-","-","1.5","7.5"
"522","Dee Eskridge","WR","MIA","-","-","4","0","-","BYE","-","1.6","0","-","-","-","-","0","-","-","1.8","-","1.2","7.4"
"523","Tim Jones","WR","MIN","0","-","0","0","0","0","0","3","2","0","0","-","0","0","0","0","2.1","0","0.4","7.1"
"523","Terrace Marshall Jr.","WR","FA","-","-","-","-","-","-","-","-","-","-","0","-","0","1.6","1.7","0","3.8","0","1","7.1"
"525","Will Mallory","TE","IND","-","-","-","0","1.7","0","1.5","0","0","2","-","-","1.7","BYE","0","0","-","-","0.7","6.9"
"526","Nikko Remigio","WR","KC","-","-","-","-","-","BYE","-","-","-","-","-","-","-","0","0","0","0","6.8","1.4","6.8"
"526","Keaton Mitchell","RB","BAL","-","-","-","-","-","-","-","-","-","0","0","-","-","BYE","-","-","5.8","1","1.7","6.8"
"528","Deven Thompkins","WR","FA","-","-","-","-","-","-","-","-","-0.2","0","-","4.3","0","1.7","0","0.9","-","-","1","6.7"
"528","Dan Chisena","WR","CAR","-","-","-","-","-","-","-","-","-","-","BYE","0","1.6","0","-","3.3","1.8","0","1.1","6.7"
"530","Cody White","WR","SEA","-","-","-","-","-","-","-","-","6.4","BYE","0","0","0","-","-","-","-","-","1.6","6.4"
"531","J.J. Taylor","RB","HOU","-","-","2.3","1.8","-","-","-","-","2.3","0","-","-","-","BYE","-","-","-","-","1.6","6.4"
"532","Travis Homer","RB","CHI","1","0.6","-","-","-","-","BYE","-","0","0","0","0","0","4.1","0.7","-","-","-","0.7","6.4"
"533","Xavier Smith","WR","LAR","-","-","0","0","2.6","BYE","3","0","0","0","0","0","0","0","0","0","0","0.6","0.4","6.2"
"534","Alex Bachman","WR","LV","-","-","-","0","0","6.1","0","0","-","BYE","-","-","-","-","-","-","-","-","1.2","6.1"
"535","Allen Robinson II","WR","FA","-","-","0","-","-","0","-","0","1.2","0","1.7","0","0","0","0","0","3.1","-","0.5","6"
"535","Ihmir Smith-Marsette","WR","NYG","-","-","0","0","0","0","0","0","0","0","BYE","0","0","0","0","0","6","0","0.4","6"
"535","Kene Nwangwu","RB","NYJ","-","-","-","-","-","-","-","-","-","-","-","BYE","6","0","-","-","-","-","3","6"
"538","Mike Boone","RB","FA","0.7","-","-","-","-","-","-","-","-","-","-","-","-","-","1.4","0.1","1.1","2.6","1.2","5.9"
"539","David Bell","WR","CLE","-","5.7","-","-","-","-","-","-","-","BYE","-","-","-","-","-","-","-","-","5.7","5.7"
"540","Charlie Jones","WR","CIN","-0.5","0","0","0","0","0","6","0","-","-","-","BYE","-","-","-","-","-","-","0.7","5.5"
"541","Jamari Thrash","WR","CLE","-","-","-","-","-","-","0","-","0","BYE","2.1","0","3.1","-","0","0","0","0","0.6","5.2"
"541","Malachi Corley","WR","NYJ","0","1.4","-","-","-","-","-","0","-0.2","1.2","2","BYE","0.8","-","-","-","-","-","0.7","5.2"
"543","Dallin Holker","TE","NO","-","-","-","-","0","0","0","-","0","0","0","BYE","0","2","0","0","0","3.1","0.4","5.1"
"544","Jacob Kibodi","RB","FA","-","-","-","-","-","-","-","-","-","-","-","-","-","-","-","-","-","4.9","4.9","4.9"
"545","Carson Wentz","QB","FA","-","-","-","-","-","-","0","-","-","-","-","-","-","-","0.8","-","-","3.9","1.6","4.7"
"546","Tanner Conner","TE","MIA","0","0","1.1","3.5","0","BYE","-","-","0","0","-","-","-","-","-","-","-","-","0.7","4.6"
"547","Trenton Irwin","WR","FA","1.6","1.5","-","-","-","0","-","1.4","0","0","0","-","-","-","-","-","-","-","0.6","4.5"
"548","Josiah Deguara","TE","FA","-","-","1.8","0","1.2","0","0","0","0","-","0","-","-","0","0","1.4","0","0","0.3","4.4"
"549","Jermar Jefferson","RB","FA","-","-","-","-","-","-","-","-","-","-","-","-","-","-","-","3.3","0.9","-","2.1","4.2"
"549","Ronnie Bell","WR","DET","0","0","2.2","-","0","-","2","0","-","0","-","0","-","-","-","-","-","-","0.5","4.2"
"551","Austin Trammell","WR","JAC","-","-","-","-","-","-","-","-","4","-","-","BYE","-","-","-","-","-","-","4","4"
"551","Jaheim Bell","TE","NE","-","0","-","-","-","0","0","0","1.1","0","0","0","0","BYE","0","0","0","2.9","0.3","4"
"551","Jude McAtamney","K","NYG","-","-","-","-","-","-","-","-","4","-","BYE","-","-","-","-","-","-","-","4","4"
"551","Dalvin Cook","RB","FA","-","-","-","-","-","-","-","3.2","0.8","-","-","-","-","-","-","-","-","-","2","4"
"555","Ian Thomas","TE","LV","-","-","-","-","-","0","2.4","0","0","1.3","-","-","-","-","-","-","-","-","0.7","3.7"
"555","Mason Kinsey","WR","TEN","-","-","-","-","BYE","-","-","0","-","-","-","-","-","0","2.1","1.6","0","0","0.6","3.7"
"557","Anthony Gould","WR","IND","0","0","0","-","-","-","-","-","-","-","-","-","0","BYE","3.3","0","0","0","0.4","3.3"
"557","Blake Watson","RB","DEN","-","-","-","-","0","-","-","0","-","-","-","-","-","BYE","-","3.3","-","-","1.1","3.3"
"557","Terrell Jennings","RB","NE","-","-","-","-","-","1.3","-","-","-","-","-","-","-","BYE","-","-","-","2","1.7","3.3"
"560","Shane Zylstra","TE","DET","-","-","-","-","BYE","-","0","0","0","0","3.2","0","0","0","0","0","0","0","0.3","3.2"
"560","Isaiah Hodgins","WR","SF","-","-","-","-","0","1.5","-","-","BYE","1.7","-","-","-","-","-","-","-","-","1.1","3.2"
"560","Jase McClellan","RB","ATL","-","-","-","-","-","-","1.7","-","-","-","1.5","BYE","-","-","-","-","0","-","1.1","3.2"
"563","Taylor Heinicke","QB","LAC","-","-","1","-","BYE","-","-","-","-","-","-","-","-","1.2","0.2","-","0.8","-","0.8","3.1"
"564","Rasheen Ali","RB","BAL","-","-","-","-","-","-","-","-","-","-","-","-","0","BYE","3.2","0.2","-0.3","0","0.6","3.1"
"565","Grant DuBose","WR","FA","0","2.3","-","-","-","-","-","-","-","-","-","-","-","-","0.8","-","-","-","1","3.1"
"566","James Proche II","WR","TEN","-","0","0","1.3","0","-","-","-","-","-","-","-","-","3.8","-2","0","0","0","0.3","3.1"
"567","Jack Stoll","TE","NO","-","-","0","1.4","-","0","0","1.6","0","0","-","BYE","-","-","-","0","0","-","0.3","3"
"568","Eric Tomlinson","TE","FA","0","0","0","0","-","0","1.7","0","1.2","-","-","-","-","-","0","-","-","-","0.3","2.9"
"569","MarShawn Lloyd","RB","GB","-","2.8","-","-","-","-","-","-","-","BYE","-","-","-","-","-","-","-","-","2.8","2.8"
"570","Chris Blair","WR","ATL","-","-","-","-","-","-","-","-","-","-","-","BYE","-","-","-","2.7","0","0","0.9","2.7"
"570","Brevin Jordan","TE","HOU","1.3","1.4","-","-","-","-","-","-","-","-","-","-","-","BYE","-","-","-","-","1.4","2.7"
"572","Hendon Hooker","QB","DET","-","-","-","-","BYE","0.7","-","0.2","-","-","1.8","-","-","-","-","-","-","-","0.9","2.7"
"573","Isaiah Williams","WR","CIN","-","-","-","-","-","-","-","2.6","0","-","-","BYE","0","0","0","0","0","0","0.3","2.6"
"573","Anthony Miller","WR","BAL","-","-","-","-","-","-","-","-","-","-","-","-","-","BYE","-","0","2.6","-","1.3","2.6"
"575","Casey Washington","WR","ATL","-","-","-","-","-","-","2.4","-","-","-","0","BYE","-","-","-","-","-","-","1.2","2.4"
"576","Javon Baker","WR","NE","-","0","-","-","-","-","-","0","0","0","0","0","0","BYE","-","0","0","2.2","0.2","2.2"
"576","Jonathan Ward","RB","PIT","-","-","-","-","0.9","1.3","0","0","BYE","-","-","-","-","-","-","-","-","-","0.6","2.2"
"576","Feleipe Franks","QB","ATL","0","0","0","0","0","0","0","-","-","0","-","0","0","0","0","0","0","2.2","0.1","2.2"
"579","Trent Taylor","WR","SF","-","-","-","-","0","-","-","-","BYE","-","-","-","-","-","-","-","-","2.1","1.1","2.1"
"580","Myles Gaskin","RB","FA","-0.3","-","0","0","2.3","-","-","-","-","-","-","-","-","-","-","-","-","-","0.5","2"
"581","Brandon Johnson","WR","PIT","-","-","-","-","1.9","-","0","0","BYE","-","-","-","-","-","-","-","-","-","0.6","1.9"
"581","Cody Schrader","RB","LAR","-","-","-","-","-","BYE","-","-","-","-","-","-","-","-","-","-","-","1.9","1.9","1.9"
"581","George Holani","RB","SEA","-","-","-","-","-","-","-","-","-","BYE","-","-","-","0.9","1","-","0","-","0.6","1.9"
"581","Kendric Pryor","WR","CIN","-","-","-","-","-","-","-","-","1.9","-","-","BYE","-","-","-","-","-","0","1","1.9"
"585","Chris Collier","RB","LV","-","-","-","-","0","-","0","0","0","BYE","-","-","-","-","-","-","0.6","1.2","0.3","1.8"
"586","Jared Wiley","TE","KC","0","1.7","0","0","0","BYE","0","0","-","-","-","-","-","-","-","-","-","-","0.2","1.7"
"586","Geoff Swaim","TE","FA","-","-","0","0","0","0","0","1.7","0","-","0","-","-","-","-","-","-","-","0.2","1.7"
"586","Aaron Shampklin","RB","PIT","-","-","-","0.5","1.4","-0.2","-","-","BYE","-","-","-","-","-","-","-","-","-","0.6","1.7"
"586","John Samuel Shenker","TE","FA","-","-","-","0","0","0","0","1.7","-","-","-","-","-","-","-","0","0","-","0.2","1.7"
"586","Ramel Keyton","WR","LV","-","-","-","-","-","-","-","-","1.7","BYE","0","0","-","0","0","0","0","0","0.2","1.7"
"591","John Ross","WR","FA","-","-","-","1.6","-","-","-","-","-","-","-","-","-","-","-","-","-","-","1.6","1.6"
"591","Jaelon Darden","WR","FA","0","-","-","-","-","1.6","0","0","0","-","-","-","0","0","0","0","0","0","0.1","1.6"
"591","Collin Johnson","WR","FA","-","0","0","-","-","-","-","-","-","-","-","0","0","1.6","0","0","0","0","0.2","1.6"
"591","David Martin-Robinson","TE","TEN","-","-","-","-","BYE","-","-","-","-","-","-","-","-","0","0","1.6","0","0","0.3","1.6"
"595","Robbie Chosen","WR","FA","0","1.5","-","-","-","-","-","-","-","-","-","-","-","-","-","-","-","-","0.8","1.5"
"595","Zach Davidson","TE","BUF","-","-","-","-","-","-","-","-","-","-","1.5","BYE","0","0","-","-","-","-","0.5","1.5"
"595","Tyler Scott","WR","CHI","-","0","0","0","0","0","BYE","-","0","-","0","-","-","-","1.5","0","0","0","0.1","1.5"
"595","Jody Fortson Jr.","TE","FA","-","-","-","-","1.5","-","0","0","-","-","-","-","-","-","-","-","-","-","0.5","1.5"
"595","Ross Dwelley","TE","FA","0","0","0","0","-","0","0","0","0","-","1.5","-","0","0","0","0","-","0","0.1","1.5"
"600","Nick Mullens","QB","JAC","-","-","0","-","1","-","-","-","-","-","-","0.6","-","-0.2","-","-","-","-","0.3","1.3"
"601","John FitzPatrick","TE","FA","-","-","-","-","-","-","-","0","0","-","0","1.2","-","0","0","0","0","0","0.1","1.2"
"601","Marcedes Lewis","TE","FA","0","0","0","0","0","1.2","-","0","0","0","0","0","0","0","0","0","0","0","0.1","1.2"
"603","Mike White","QB","BUF","-","-","-","-","-","-","-","-","-","-","-","BYE","-","-","-","-","-","1.1","1.1","1.1"
"603","Kameron Johnson","WR","TB","0","-","-","0","0","0","-","-","-","-","BYE","-","-","-","-","-","1.1","-","0.2","1.1"
"603","Tyreik McAllister","RB","LV","0","-","-","1.1","-","-","-","-","-","BYE","-","-","-","-","-","-","-","-","0.6","1.1"
"606","Velus Jones Jr.","WR","NO","0.9","-","-","-","-","-","-","-","-","-","-","BYE","-","-","-","-","0","-","0.5","0.9"
"607","Brycen Tremayne","WR","CAR","-","-","-","-","0.8","-","-","-","-","-","BYE","-","-","-","-","-","0","-","0.4","0.8"
"608","Josh Johnson","QB","FA","-","-","-","0","-","-","0","-","0.2","-","-","-","-","-","-0.1","-","0.6","0","0.1","0.8"
"609","Kyle Allen","QB","DET","-","-","-","-","0.8","-","-","-","-","-","-","-","-","-","-","-","-","-","0.8","0.8"
"610","Tyrion Davis-Price","RB","PHI","-","-","-","-","BYE","-","-","-","-","-","-","-","-","-","-","-","0.7","-","0.7","0.7"
"610","Reggie Gilliam","RB","BUF","0","0","0","0","0","0","-","0","-","-","0","BYE","0","0","0","0","0.3","0.4","0.1","0.7"
"612","Chris Oladokun","QB","KC","-","-","-","-","-","BYE","-","-","-","-","-","-","-","-","-","-","-","0.5","0.5","0.5"
"613","Jarrett Stidham","QB","DEN","-","-","-","-","-","-","-0.2","-","-","-","0","-","-","BYE","-","-","-","0.7","0.2","0.5"
"614","Ke'Shawn Vaughn","RB","FA","-","-","-","-","-","-","-","-","-","-","-","-","-","0.4","-","-","-","-","0.4","0.4"
"615","Darrynton Evans","RB","BUF","-","-","-","-","0","-","-","-","-","-","-","BYE","-","0.3","-","-","-","-","0.2","0.3"
"616","Joshua Kelley","RB","FA","-","-","-","-","-","-","-","-","-","-","-","0","-","-","-","-","-","0.2","0.1","0.2"
"616","British Brooks","RB","HOU","0","-","0.2","0","-","-","-","-","-","-","-","-","-","BYE","-","-","-","-","0.1","0.2"
"618","Sam Howell","QB","SEA","-","-","-","0","-","-","0","-","-","BYE","-","-","-","-","0.2","-","-","-","0.1","0.2"
"619","Jaren Hall","QB","SEA","-","-","-","-","-","0","-","-","-","BYE","-","-","-","-","-","-","-","-","0","0"
"619","Jared Wayne","WR","HOU","-","-","-","-","-","-","-","-","-","-","-","-","0","BYE","-","0","0","-","0","0"
"619","Joshua Cephus","WR","JAC","-","-","-","-","-","-","-","-","-","-","-","BYE","-","0","-","-","-","-","0","0"
"619","Irv Smith Jr.","TE","FA","-","-","-","-","-","-","-","-","-","-","-","-","0","-","0","0","0","0","0","0"
"619","Stephen Sullivan","TE","CAR","-","-","-","-","-","-","-","-","-","-","BYE","-","0","-","-","-","-","-","0","0"
"619","Maurice Alexander","WR","CHI","-","-","-","-","-","-","BYE","-","-","-","-","-","0","0","-","-","-","-","0","0"
"619","Khari Blasingame","RB","FA","0","-","-","-","-","0","-","-","-","-","-","-","-","0","-","0","-","-","0","0"
"619","Brady Russell","TE","SEA","0","0","0","0","0","0","0","0","0","BYE","-","-","0","0","-","-","-","-","0","0"
"619","Laquon Treadwell","WR","IND","-","-","-","-","-","-","-","-","-","-","-","-","0","BYE","-","-","-","-","0","0"
"619","Leroy Watson","TE","MIN","-","-","-","-","-","0","-","0","0","0","-","-","-","-","-","-","-","-","0","0"
"619","Jake Luton","QB","FA","0","-","-","-","-","-","-","-","-","-","-","-","-","-","-","-","-","-","0","0"
"619","Quinton Bell","WR","MIA","0","0","0","0","0","BYE","0","-","0","0","0","0","0","0","0","0","0","0","0","0"
"619","Parker Hesse","TE","FA","0","0","0","0","-","0","0","0","-","-","-","-","-","-","-","-","-","-","0","0"
"619","Kazmeir Allen","WR","WAS","-","-","-","-","-","-","-","-","-","-","-","0","-","BYE","-","-","-","-","0","0"
"619","Avery Williams","RB","PHI","0","0","0","0","0","0","0","0","0","0","0","-","0","0","0","0","0","0","0","0"
"619","Seth Williams","WR","DAL","-","-","-","-","-","-","BYE","-","-","-","0","-","-","0","-","-","-","-","0","0"
"619","James Mitchell","TE","CAR","-","-","-","-","-","-","-","-","-","-","0","-","-","-","-","-","-","-","0","0"
"619","Jack Westover","TE","NE","-","-","-","-","-","-","-","-","-","-","-","0","-","BYE","-","-","-","0","0","0"
"619","Evan Hull","RB","PIT","-","-","-","-","-","-","0","-","BYE","-","-","-","-","-","-","-","-","-","0","0"
"619","Keilan Robinson","RB","JAC","-","-","-","-","-","-","-","-","-","-","-","BYE","-","0","-","-","0","0","0","0"
"619","Nick Muse","TE","PHI","0","0","-","-","BYE","-","-","-","-","-","-","0","0","-","-","-","-","-","0","0"
"619","Teagan Quitoriano","TE","ATL","-","-","-","-","-","0","0","0","0","0","0","0","-","-","-","-","-","-","0","0"
"619","Dez Fitzpatrick","WR","LAC","-","-","-","-","BYE","-","-","-","-","-","-","-","-","-","-","-","-","0","0","0"
"619","Kaden Davis","WR","CLE","-","-","-","-","-","-","-","-","-","BYE","-","-","-","-","-","-","-","0","0","0"
"619","Deonte Harty","WR","FA","0","0","0","0","-","0","-","-","-","-","-","-","-","-","-","-","-","-","0","0"
"619","Jake Tonges","TE","SF","0","0","0","0","-","0","0","0","BYE","0","-","0","-","0","-","-","-","0","0","0"
"619","Andrew Beck","TE","NYJ","-","-","-","-","0","0","0","-","-","-","-","BYE","-","-","-","0","-","-","0","0"
"619","Zach Pascal","WR","NYG","0","0","0","0","0","0","0","0","0","0","BYE","0","-","0","0","-","-","0","0","0"
"619","Sam Hartman","QB","WAS","0","-","-","-","-","-","-","-","-","-","-","-","0","BYE","-","-","-","-","0","0"
"619","Dante Miller","RB","NYG","-","-","-","-","0","0","-","-","-","-","BYE","-","-","-","-","-","-","-","0","0"
"619","Jordan Matthews","TE","CAR","0","0","-","-","-","-","-","-","0","-","BYE","-","-","-","-","-","-","-","0","0"
"619","Emory Jones","QB","ATL","-","-","-","-","-","-","-","-","-","-","-","BYE","-","-","-","-","0","-","0","0"
"619","Equanimeous St. Brown","WR","FA","-","-","-","-","-","0","0","0","-","-","-","-","-","-","-","-","-","-","0","0"
"619","Roman Wilson","WR","PIT","-","-","-","-","-","0","-","-","BYE","-","-","-","-","-","-","-","-","-","0","0"
"619","Alex Erickson","WR","FA","-","-","-","-","-","-","-","-","-","-","-","-","-","-","-","0","0","0","0","0"
"619","Tanner McLachlan","TE","CIN","-","-","-","-","-","-","-","-","-","-","-","BYE","-","-","-","0","0","-","0","0"
"619","Anthony Firkser","TE","KC","0","-","-","-","-","0","-","0","-","-","-","-","0","-","0","0","-","-","0","0"
"619","Brandon Smith","WR","NYJ","-","-","-","-","-","-","-","-","-","-","-","BYE","-","-","0","-","-","-","0","0"
"619","Zack Kuntz","TE","NYJ","-","-","-","-","-","-","-","-","-","-","-","BYE","-","-","0","-","-","-","0","0"
"619","Thomas Odukoya","TE","TEN","-","-","-","-","BYE","-","-","-","-","-","-","-","-","-","0","-","-","-","0","0"
"619","Nyheim Hines","RB","FA","-","-","-","-","-","-","-","-","-","-","-","-","-","0","-","-","0","-","0","0"
"619","Baylor Cupp","TE","KC","-","-","-","-","-","BYE","-","-","-","-","-","-","-","0","-","-","-","-","0","0"
"619","Jeff Driskel","QB","FA","0","0","-","-","-","-","-","-","-","-","-","-","-","-","-","-","-","-","0","0"
"619","Jack Browning","K","FA","-","-","-","-","-","-","-","-","-","-","-","-","-","0","0","0","0","0","0","0"
"619","D.J. Williams","RB","TB","-","-","-","-","-","0","-","-","-","-","BYE","-","-","-","-","-","-","-","0","0"
"619","Tyler Mabry","TE","FA","-","-","-","-","-","-","-","-","-","-","0","0","-","-","-","-","-","-","0","0"
"619","Jalen Cropper","WR","DAL","-","-","-","-","-","-","BYE","-","-","0","-","-","-","-","-","-","-","-","0","0"
"619","Princeton Fant","TE","DAL","-","-","-","-","-","-","BYE","-","-","-","0","-","0","0","0","0","-","-","0","0"
"619","Bryce Ford-Wheaton","WR","NYG","-","0","0","-","0","-","0","-","-","-","BYE","-","0","0","-","-","-","-","0","0"
"619","Jaylen Johnson","WR","LAC","-","-","-","-","BYE","-","-","0","-","-","-","-","-","-","-","-","-","-","0","0"
"619","La'Mical Perine","RB","FA","-","-","-","-","-","0","-","-","-","-","-","-","-","-","-","-","-","-","0","0"
"619","Jalen Virgil","WR","BUF","-","-","-","-","-","-","-","0","0","0","0","BYE","0","0","-","0","-","-","0","0"
"619","Montrell Washington","WR","NYG","-","-","-","-","-","-","-","0","-","-","BYE","-","-","-","-","-","-","-","0","0"
"619","Colson Yankoff","TE","WAS","-","0","-","0","0","-","0","-","-","-","-","-","-","BYE","-","-","-","-","0","0"
"619","Xavier Weaver","WR","ARI","-","-","-","-","-","0","-","-","-","-","BYE","-","-","-","-","-","-","0","0","0"
"619","Trishton Jackson","WR","ARI","-","0","0","-","-","-","-","-","-","-","BYE","-","-","-","-","-","-","-","0","0"
"619","Jalen Guyton","WR","FA","-","0","-","-","-","-","-","-","-","-","-","-","-","-","-","-","-","-","0","0"
"619","Brenden Bates","TE","CLE","-","0","0","0","0","-","-","-","-","BYE","-","-","-","-","-","-","0","0","0","0"
"619","Trevor Siemian","QB","FA","-","-","-","-","-","-","0","-","-","-","-","-","-","-","-","-","-","-","0","0"
"619","Irvin Charles","WR","NYJ","-","0","0","0","0","0","0","0","0","0","0","BYE","0","-","-","-","-","-","0","0"
"619","Justin Hardee Sr.","WR","TEN","-","-","-","-","BYE","-","-","-","0","-","-","0","-","-","0","-","-","0","0","0"
"619","Troy Hairston II","RB","CLE","-","-","-","-","-","-","0","0","-","BYE","-","-","-","-","-","-","-","-","0","0"
"619","Chris Moore","WR","WAS","0","0","0","0","0","-","-","-","-","-","-","-","-","BYE","-","-","-","-","0","0"
"619","Brayden Willis","TE","SF","-","-","0","-","-","-","-","0","BYE","-","0","0","-","0","0","0","0","0","0","0"
"619","Erik Ezukanma","WR","MIA","-","-","0","-","-","BYE","-","-","-","-","-","-","-","-","-","0","-","-","0","0"
"619","Justin Shorter","WR","LV","-","-","-","-","-","-","0","0","0","BYE","0","0","0","-","-","-","0","-","0","0"
"619","Robert Tonyan","TE","KC","-","-","0","0","0","BYE","0","0","-","-","-","-","-","-","-","-","-","-","0","0"
"619","James Winchester","TE","KC","-","-","0","-","-","BYE","-","-","-","-","-","-","-","-","-","-","0","-","0","0"
"619","Keaontay Ingram","RB","KC","-","-","0","-","-","BYE","-","-","-","-","-","-","-","-","-","-","-","-","0","0"
"619","Brenden Rice","WR","LAC","-","-","-","-","BYE","-","0","-","-","-","-","-","-","-","-","-","-","-","0","0"
"619","Jordan Travis","QB","NYJ","-","-","0","-","-","-","-","-","-","-","-","BYE","-","-","-","-","-","-","0","0"
"619","Travis Vokolek","TE","ARI","-","-","-","0","-","-","-","-","-","-","BYE","-","-","-","-","-","-","-","0","0"
"619","C.J. Uzomah","TE","FA","-","-","-","-","-","-","-","-","-","-","0","0","0","0","0","0","0","-","0","0"
"619","Marquez Callaway","WR","TB","-","-","-","-","-","-","-","-","0","0","BYE","-","-","-","-","-","-","-","0","0"
"619","Braxton Berrios","WR","HOU","0","0","0","0","0","-","0","-","-","-","-","-","-","BYE","-","0","0","-","0","0"
"619","KJ Hamler","WR","BUF","-","-","-","-","0","-","-","-","-","-","-","BYE","-","-","-","-","-","-","0","0"
"619","Rodney Williams","TE","FA","-","-","0","-","-","0","-","0","-","-","-","-","-","-","-","-","-","-","0","0"
"619","Tom Kennedy","WR","DET","0","0","-","-","BYE","-","-","-","-","-","-","-","-","-","-","0","0","-","0","0"
"619","Mitchell Wilcox","TE","FA","-","-","-","-","-","-","-","-","-","0","-","-","-","-","-","-","-","-","0","0"
"619","Adam Prentice","RB","FA","0","0","0","0","0","0","0","0","0","0","0","-","0","0","0","0","0","0","0","0"
"619","Austin Reed","QB","CHI","0","-","-","-","-","-","BYE","-","-","-","-","-","-","-","-","-","-","-","0","0"
"619","C.J. Beathard","QB","FA","-","-","-","-","-","-","-","-","-","0","-","-","-","-","-","-","-","-","0","0"
"619","Dareke Young","WR","SEA","0","-","0","0","-","-","0","0","0","BYE","-","0","-","0","0","0","0","0","0","0"
"619","Jabari Small","RB","TEN","-","-","-","-","BYE","0","-","-","-","-","-","-","-","-","-","-","-","-","0","0"
"619","Gary Brightwell","RB","CIN","-","-","-","0","-","-","-","-","-","-","-","BYE","-","-","-","-","-","-","0","0"
"619","Ko Kieft","TE","TB","0","0","0","0","0","0","0","0","0","0","BYE","0","0","0","0","0","0","0","0","0"
"619","Skyy Moore","WR","KC","0","0","0","0","0","BYE","0","-","-","-","-","-","-","-","-","-","-","-","0","0"
"619","Kendall Milton","RB","CIN","-","-","-","-","-","-","-","-","0","-","-","BYE","-","-","-","-","-","0","0","0"
"619","Jakob Johnson","RB","HOU","-","0","0","0","-","-","-","-","-","-","-","-","-","BYE","-","-","-","-","0","0"
"619","Trayveon Williams","RB","FA","-","0","0","0","-","-","-","-","0","0","-","-","-","-","-","0","0","0","0","0"
"619","Cody Thompson","WR","TB","-","-","-","-","0","-","-","-","-","-","BYE","-","-","-","-","-","-","-","0","0"
"619","John Kelly Jr.","RB","FA","-","0","-","-","-","-","-","-","-","-","-","-","-","-","-","-","-","-","0","0"
"619","Elijah Cooks","WR","PHI","-","-","-","-","BYE","-","-","-","0","-","-","-","0","-","0","-","-","-","0","0"
"619","Justyn Ross","WR","KC","-","-","-","-","-","BYE","-","-","0","0","-","-","-","-","-","-","-","-","0","0"
"713","Jermaine Jackson","WR","FA","-","-","-","-","-","-","0","0","-0.1","0","-","-","-","-","-","-","-","-","0","-0.1"
"714","Jake Browning","QB","CIN","-","-","-","-","-","-","-","0","-0.1","-","-","BYE","-","-","-","-0.1","-","-","-0.1","-0.2"
"714","Kyle Trask","QB","FA","-0.2","-","-","-","-","-","-","-","-","-","-","-","0.2","-","0","-","-0.2","-","-0.1","-0.2"
"716","Tyson Bagent","QB","CHI","-","-","-","-","-0.4","-0.3","BYE","-","-","-","-","-","-","0.2","0.2","-","-","-","-0.1","-0.3"
"717","Dylan Laube","RB","LV","-","-","-","-","-","-2","-","-","-","BYE","-","0","0","-","0","-","0","0","-0.3","-2"
"717","Steven Sims Jr.","WR","SEA","0","0","0","-2","-","0","-","-","0","0","-","-","-","-","-","-","0","0","-0.2","-2"
"719","Clayton Tune","QB","ARI","-","-2.6","-","-","-","-","0.2","-","0","-0.1","BYE","-","-","-","0.2","-","-","0.2","-0.3","-2.1"
"720","Kadarius Toney","WR","FA","-","-","-","-","-","-","-","-","-","-","-0.7","-","0.3","-2","-","-","-","-","-0.8","-2.4"
"721","Jha'Quan Jackson","WR","TEN","0","0","0","0","BYE","0","0","0","1.3","0","0","-2","-2","-","-","-","-","-","-0.2","-2.7"
"722","Dee Williams","WR","NYG","-2","0","0","0","0","0","0","-2","0","-","0","0","-2","-","0","-","-","-","-0.5","-6"